paths,values,types
ModelName,Labfors 5,xsd:string
SerialNumber,127732-127733,xsd:string
CurrentUserName,Guest,xsd:string
A.parameters.pO2.Name,pO2,xsd:string
A.parameters.pO2.FeedParm,false,xsd:boolean
A.parameters.pO2.FeedPump,false,xsd:boolean
A.parameters.pO2.PHTempComp,false,xsd:boolean
A.parameters.pO2.Setpoint,80,xsd:double
A.parameters.pO2.SetpReadback,-1,xsd:double
A.parameters.pO2.UpperAlarm,100,xsd:double
A.parameters.pO2.LowerAlarm,25,xsd:double
A.parameters.pO2.UpperCritical,105,xsd:double
A.parameters.pO2.LowerCritical,30,xsd:double
A.parameters.pO2.Measured,true,xsd:boolean
A.parameters.pO2.Filtered,true,xsd:boolean
A.parameters.pO2.Controlled,true,xsd:boolean
A.parameters.pO2.OutputActive,false,xsd:boolean
A.parameters.pO2.OutputMode,0,xsd:int
A.parameters.pO2.PumpValuePlus,0,xsd:double
A.parameters.pO2.PumpValueMinus,0,xsd:double
A.parameters.pO2.PumpDurationPlus,0,xsd:int
A.parameters.pO2.PumpDurationMinus,0,xsd:int
A.parameters.pO2.PumpFactorPlus,1,xsd:double
A.parameters.pO2.PumpFactorMinus,1,xsd:double
A.parameters.pO2.DoseTime,0,xsd:double
A.parameters.pO2.WaitTime,0,xsd:double
A.parameters.pO2.HiReading,19142,xsd:int
A.parameters.pO2.LowReading,356,xsd:int
A.parameters.pO2.HiRef,100,xsd:double
A.parameters.pO2.LowRef,0,xsd:double
A.parameters.pO2.Slope,0.005323112942278385162353515625,xsd:double
A.parameters.pO2.Offset,-1.89502823352813720703125,xsd:double
A.parameters.pO2.CurReading,149,xsd:int
A.parameters.pO2.CurValue,-1,xsd:double
A.parameters.pO2.RefTemp,25,xsd:double
A.parameters.pO2.Output,0,xsd:double
A.parameters.pO2.PTerm,0.60000002384185791015625,xsd:double
A.parameters.pO2.ITerm,0.00200000009499490261077880859375,xsd:double
A.parameters.pO2.ILimit,100,xsd:double
A.parameters.pO2.DTerm,0.004999999888241291046142578125,xsd:double
A.parameters.pO2.DeadBand,0,xsd:double
A.parameters.pO2.NegFactor,4,xsd:double
A.parameters.pO2.EvalTime,30,xsd:int
A.parameters.pO2.RampOutput,false,xsd:boolean
A.parameters.pO2.RampStep,5,xsd:double
A.parameters.pO2.MasterChannel,0,xsd:int
A.parameters.pO2.AddSetp,false,xsd:boolean
A.parameters.pO2.AddLimiter,false,xsd:boolean
A.parameters.pO2.AddFactor,0,xsd:double
A.parameters.pO2.ExtSetp,false,xsd:boolean
A.parameters.pO2.SetpLimiter,false,xsd:boolean
A.parameters.pO2.CascadeKind,0,xsd:int
A.parameters.pO2.SetpMax,30,xsd:double
A.parameters.pO2.SetpMin,30,xsd:double
A.parameters.pO2.MaxValue,100,xsd:double
A.parameters.pO2.MinValue,0,xsd:double
A.parameters.pO2.OutputMax,100,xsd:double
A.parameters.pO2.OutputMin,0,xsd:double
A.parameters.pO2.DefOutput,0,xsd:int
A.parameters.pO2.InputChannel,3,xsd:int
A.parameters.pO2.DigOutput,0,xsd:int
A.parameters.pO2.AnaOutRange,2,xsd:int
A.parameters.pO2.InvertOut,false,xsd:boolean
A.parameters.pO2.DisplayPumps,0,xsd:int
A.parameters.pO2.Exists,true,xsd:boolean
A.parameters.pO2.UID,pO2,xsd:string
A.parameters.pO2.AlarmsCheck,0,xsd:int
A.parameters.pO2.AlarmsRange,0,xsd:double
A.parameters.pO2.ParamType,20,xsd:int
A.parameters.pO2.ParamMode,0,xsd:int
A.parameters.pO2.Color,-1,xsd:int
A.parameters.pO2.AlarmAddDelay,3,xsd:int
A.parameters.pO2.AlarmEndDelay,3,xsd:int
A.parameters.pO2.Units,%,xsd:string
A.parameters.pO2.FID,0,xsd:int
A.parameters.pO2.DigitalSensor,true,xsd:boolean
A.parameters.pO2.ModbusID,33,xsd:int
A.parameters.pO2.RunPumpsIFIndex,0,xsd:int
A.parameters.pO2.MxValve,,xsd:string
A.parameters.pO2.MxRole,1,xsd:int
A.parameters.pO2.FilterWindow,8,xsd:unsignedInt
A.parameters.pO2.Decimals,-1,xsd:int
A.parameters.pO2.DecimalsCalc,1,xsd:unsignedInt
A.parameters.pO2.Calibratable,true,xsd:boolean
A.parameters.pO2.Favorite,false,xsd:boolean
A.parameters.pO2.Features,0,xsd:int
A.parameters.pO2.SensorError,true,xsd:boolean
A.parameters.pH.Name,pH,xsd:string
A.parameters.pH.FeedParm,false,xsd:boolean
A.parameters.pH.FeedPump,false,xsd:boolean
A.parameters.pH.PHTempComp,false,xsd:boolean
A.parameters.pH.Setpoint,7,xsd:double
A.parameters.pH.SetpReadback,-1,xsd:double
A.parameters.pH.UpperAlarm,7.099999904632568359375,xsd:double
A.parameters.pH.LowerAlarm,4.80000019073486328125,xsd:double
A.parameters.pH.UpperCritical,7.599999904632568359375,xsd:double
A.parameters.pH.LowerCritical,4.80000019073486328125,xsd:double
A.parameters.pH.Measured,true,xsd:boolean
A.parameters.pH.Filtered,true,xsd:boolean
A.parameters.pH.Controlled,true,xsd:boolean
A.parameters.pH.OutputActive,false,xsd:boolean
A.parameters.pH.OutputMode,0,xsd:int
A.parameters.pH.PumpValuePlus,0,xsd:double
A.parameters.pH.PumpValueMinus,0,xsd:double
A.parameters.pH.PumpDurationPlus,0,xsd:int
A.parameters.pH.PumpDurationMinus,0,xsd:int
A.parameters.pH.PumpFactorPlus,0.00578613020479679107666015625,xsd:double
A.parameters.pH.PumpFactorMinus,0.005490030162036418914794921875,xsd:double
A.parameters.pH.DoseTime,0,xsd:double
A.parameters.pH.WaitTime,0,xsd:double
A.parameters.pH.HiReading,27152,xsd:int
A.parameters.pH.LowReading,4394,xsd:int
A.parameters.pH.HiRef,12,xsd:double
A.parameters.pH.LowRef,2,xsd:double
A.parameters.pH.Slope,0.00044454363523982465267181396484375,xsd:double
A.parameters.pH.Offset,-0.01178705692291259765625,xsd:double
A.parameters.pH.CurReading,150,xsd:int
A.parameters.pH.CurValue,-1,xsd:double
A.parameters.pH.RefTemp,25,xsd:double
A.parameters.pH.Output,0,xsd:double
A.parameters.pH.PTerm,4,xsd:double
A.parameters.pH.ITerm,0,xsd:double
A.parameters.pH.ILimit,100,xsd:double
A.parameters.pH.DTerm,0,xsd:double
A.parameters.pH.DeadBand,0.0199999995529651641845703125,xsd:double
A.parameters.pH.NegFactor,1,xsd:double
A.parameters.pH.EvalTime,5,xsd:int
A.parameters.pH.RampOutput,false,xsd:boolean
A.parameters.pH.RampStep,5,xsd:double
A.parameters.pH.MasterChannel,0,xsd:int
A.parameters.pH.AddSetp,false,xsd:boolean
A.parameters.pH.AddLimiter,false,xsd:boolean
A.parameters.pH.AddFactor,12,xsd:double
A.parameters.pH.ExtSetp,false,xsd:boolean
A.parameters.pH.SetpLimiter,false,xsd:boolean
A.parameters.pH.CascadeKind,0,xsd:int
A.parameters.pH.SetpMax,12,xsd:double
A.parameters.pH.SetpMin,2,xsd:double
A.parameters.pH.MaxValue,12,xsd:double
A.parameters.pH.MinValue,2,xsd:double
A.parameters.pH.OutputMax,100,xsd:double
A.parameters.pH.OutputMin,-100,xsd:double
A.parameters.pH.DefOutput,0,xsd:int
A.parameters.pH.InputChannel,2,xsd:int
A.parameters.pH.DigOutput,0,xsd:int
A.parameters.pH.AnaOutRange,0,xsd:int
A.parameters.pH.InvertOut,false,xsd:boolean
A.parameters.pH.DisplayPumps,0,xsd:int
A.parameters.pH.Exists,true,xsd:boolean
A.parameters.pH.UID,pH,xsd:string
A.parameters.pH.AlarmsCheck,0,xsd:int
A.parameters.pH.AlarmsRange,0,xsd:double
A.parameters.pH.ParamType,18,xsd:int
A.parameters.pH.ParamMode,0,xsd:int
A.parameters.pH.Color,-1,xsd:int
A.parameters.pH.AlarmAddDelay,3,xsd:int
A.parameters.pH.AlarmEndDelay,3,xsd:int
A.parameters.pH.Units,,xsd:string
A.parameters.pH.FID,0,xsd:int
A.parameters.pH.DigitalSensor,true,xsd:boolean
A.parameters.pH.ModbusID,33,xsd:int
A.parameters.pH.RunPumpsIFIndex,258,xsd:int
A.parameters.pH.MxValve,,xsd:string
A.parameters.pH.MxRole,1,xsd:int
A.parameters.pH.FilterWindow,8,xsd:unsignedInt
A.parameters.pH.Decimals,-1,xsd:int
A.parameters.pH.DecimalsCalc,2,xsd:unsignedInt
A.parameters.pH.Calibratable,true,xsd:boolean
A.parameters.pH.Favorite,false,xsd:boolean
A.parameters.pH.Features,0,xsd:int
A.parameters.pH.SensorError,true,xsd:boolean
A.parameters.Stirrer.Name,Stirrer,xsd:string
A.parameters.Stirrer.FeedParm,false,xsd:boolean
A.parameters.Stirrer.FeedPump,false,xsd:boolean
A.parameters.Stirrer.PHTempComp,false,xsd:boolean
A.parameters.Stirrer.Setpoint,500,xsd:double
A.parameters.Stirrer.SetpReadback,0,xsd:double
A.parameters.Stirrer.UpperAlarm,1000,xsd:double
A.parameters.Stirrer.LowerAlarm,0,xsd:double
A.parameters.Stirrer.UpperCritical,1000,xsd:double
A.parameters.Stirrer.LowerCritical,0,xsd:double
A.parameters.Stirrer.Measured,true,xsd:boolean
A.parameters.Stirrer.Filtered,true,xsd:boolean
A.parameters.Stirrer.Controlled,true,xsd:boolean
A.parameters.Stirrer.OutputActive,false,xsd:boolean
A.parameters.Stirrer.OutputMode,0,xsd:int
A.parameters.Stirrer.PumpValuePlus,0,xsd:double
A.parameters.Stirrer.PumpValueMinus,0,xsd:double
A.parameters.Stirrer.PumpDurationPlus,0,xsd:int
A.parameters.Stirrer.PumpDurationMinus,0,xsd:int
A.parameters.Stirrer.PumpFactorPlus,1,xsd:double
A.parameters.Stirrer.PumpFactorMinus,1,xsd:double
A.parameters.Stirrer.DoseTime,0,xsd:double
A.parameters.Stirrer.WaitTime,0,xsd:double
A.parameters.Stirrer.HiReading,1521,xsd:int
A.parameters.Stirrer.LowReading,0,xsd:int
A.parameters.Stirrer.HiRef,1520,xsd:double
A.parameters.Stirrer.LowRef,0,xsd:double
A.parameters.Stirrer.Slope,0.99934256076812744140625,xsd:double
A.parameters.Stirrer.Offset,0,xsd:double
A.parameters.Stirrer.CurReading,0,xsd:int
A.parameters.Stirrer.CurValue,0,xsd:double
A.parameters.Stirrer.RefTemp,25,xsd:double
A.parameters.Stirrer.Output,0,xsd:double
A.parameters.Stirrer.PTerm,0.5,xsd:double
A.parameters.Stirrer.ITerm,0.20000000298023223876953125,xsd:double
A.parameters.Stirrer.ILimit,15,xsd:double
A.parameters.Stirrer.DTerm,0,xsd:double
A.parameters.Stirrer.DeadBand,0,xsd:double
A.parameters.Stirrer.NegFactor,1,xsd:double
A.parameters.Stirrer.EvalTime,2,xsd:int
A.parameters.Stirrer.RampOutput,true,xsd:boolean
A.parameters.Stirrer.RampStep,5,xsd:double
A.parameters.Stirrer.MasterChannel,0,xsd:int
A.parameters.Stirrer.AddSetp,false,xsd:boolean
A.parameters.Stirrer.AddLimiter,false,xsd:boolean
A.parameters.Stirrer.AddFactor,700,xsd:double
A.parameters.Stirrer.ExtSetp,false,xsd:boolean
A.parameters.Stirrer.SetpLimiter,false,xsd:boolean
A.parameters.Stirrer.CascadeKind,0,xsd:int
A.parameters.Stirrer.SetpMax,1200,xsd:double
A.parameters.Stirrer.SetpMin,200,xsd:double
A.parameters.Stirrer.MaxValue,1500,xsd:double
A.parameters.Stirrer.MinValue,0,xsd:double
A.parameters.Stirrer.OutputMax,100,xsd:double
A.parameters.Stirrer.OutputMin,0,xsd:double
A.parameters.Stirrer.DefOutput,0,xsd:int
A.parameters.Stirrer.InputChannel,1,xsd:int
A.parameters.Stirrer.DigOutput,2,xsd:int
A.parameters.Stirrer.AnaOutRange,2,xsd:int
A.parameters.Stirrer.InvertOut,false,xsd:boolean
A.parameters.Stirrer.DisplayPumps,0,xsd:int
A.parameters.Stirrer.Exists,true,xsd:boolean
A.parameters.Stirrer.UID,Stirrer,xsd:string
A.parameters.Stirrer.AlarmsCheck,0,xsd:int
A.parameters.Stirrer.AlarmsRange,0,xsd:double
A.parameters.Stirrer.ParamType,26,xsd:int
A.parameters.Stirrer.ParamMode,0,xsd:int
A.parameters.Stirrer.Color,-1,xsd:int
A.parameters.Stirrer.AlarmAddDelay,3,xsd:int
A.parameters.Stirrer.AlarmEndDelay,3,xsd:int
A.parameters.Stirrer.Units,1/min,xsd:string
A.parameters.Stirrer.FID,0,xsd:int
A.parameters.Stirrer.DigitalSensor,false,xsd:boolean
A.parameters.Stirrer.ModbusID,0,xsd:int
A.parameters.Stirrer.RunPumpsIFIndex,0,xsd:int
A.parameters.Stirrer.MxValve,,xsd:string
A.parameters.Stirrer.MxRole,1,xsd:int
A.parameters.Stirrer.FilterWindow,8,xsd:unsignedInt
A.parameters.Stirrer.Decimals,-1,xsd:int
A.parameters.Stirrer.DecimalsCalc,0,xsd:unsignedInt
A.parameters.Stirrer.Calibratable,true,xsd:boolean
A.parameters.Stirrer.Favorite,false,xsd:boolean
A.parameters.Stirrer.Features,0,xsd:int
A.parameters.Stirrer.SensorError,false,xsd:boolean
A.parameters.Temp.Name,Temp,xsd:string
A.parameters.Temp.FeedParm,false,xsd:boolean
A.parameters.Temp.FeedPump,false,xsd:boolean
A.parameters.Temp.PHTempComp,false,xsd:boolean
A.parameters.Temp.Setpoint,15,xsd:double
A.parameters.Temp.SetpReadback,23.7952136993408203125,xsd:double
A.parameters.Temp.UpperAlarm,32,xsd:double
A.parameters.Temp.LowerAlarm,28,xsd:double
A.parameters.Temp.UpperCritical,33,xsd:double
A.parameters.Temp.LowerCritical,8,xsd:double
A.parameters.Temp.Measured,true,xsd:boolean
A.parameters.Temp.Filtered,true,xsd:boolean
A.parameters.Temp.Controlled,true,xsd:boolean
A.parameters.Temp.OutputActive,false,xsd:boolean
A.parameters.Temp.OutputMode,0,xsd:int
A.parameters.Temp.PumpValuePlus,0,xsd:double
A.parameters.Temp.PumpValueMinus,0,xsd:double
A.parameters.Temp.PumpDurationPlus,0,xsd:int
A.parameters.Temp.PumpDurationMinus,0,xsd:int
A.parameters.Temp.PumpFactorPlus,1,xsd:double
A.parameters.Temp.PumpFactorMinus,1,xsd:double
A.parameters.Temp.DoseTime,0,xsd:double
A.parameters.Temp.WaitTime,0,xsd:double
A.parameters.Temp.HiReading,5802,xsd:int
A.parameters.Temp.LowReading,3567,xsd:int
A.parameters.Temp.HiRef,60,xsd:double
A.parameters.Temp.LowRef,37,xsd:double
A.parameters.Temp.Slope,0.0102908276021480560302734375,xsd:double
A.parameters.Temp.Offset,0.2926177978515625,xsd:double
A.parameters.Temp.CurReading,2283,xsd:int
A.parameters.Temp.CurValue,23.7937946319580078125,xsd:double
A.parameters.Temp.RefTemp,25,xsd:double
A.parameters.Temp.Output,0,xsd:double
A.parameters.Temp.PTerm,30,xsd:double
A.parameters.Temp.ITerm,0.00200000009499490261077880859375,xsd:double
A.parameters.Temp.ILimit,30,xsd:double
A.parameters.Temp.DTerm,0.20000000298023223876953125,xsd:double
A.parameters.Temp.DeadBand,0,xsd:double
A.parameters.Temp.NegFactor,0.5,xsd:double
A.parameters.Temp.EvalTime,20,xsd:int
A.parameters.Temp.RampOutput,false,xsd:boolean
A.parameters.Temp.RampStep,5,xsd:double
A.parameters.Temp.MasterChannel,0,xsd:int
A.parameters.Temp.AddSetp,false,xsd:boolean
A.parameters.Temp.AddLimiter,false,xsd:boolean
A.parameters.Temp.AddFactor,70,xsd:double
A.parameters.Temp.ExtSetp,false,xsd:boolean
A.parameters.Temp.SetpLimiter,false,xsd:boolean
A.parameters.Temp.CascadeKind,0,xsd:int
A.parameters.Temp.SetpMax,70,xsd:double
A.parameters.Temp.SetpMin,0,xsd:double
A.parameters.Temp.MaxValue,70,xsd:double
A.parameters.Temp.MinValue,0,xsd:double
A.parameters.Temp.OutputMax,100,xsd:double
A.parameters.Temp.OutputMin,-100,xsd:double
A.parameters.Temp.DefOutput,0,xsd:int
A.parameters.Temp.InputChannel,0,xsd:int
A.parameters.Temp.DigOutput,0,xsd:int
A.parameters.Temp.AnaOutRange,0,xsd:int
A.parameters.Temp.InvertOut,false,xsd:boolean
A.parameters.Temp.DisplayPumps,0,xsd:int
A.parameters.Temp.Exists,true,xsd:boolean
A.parameters.Temp.UID,Temp,xsd:string
A.parameters.Temp.AlarmsCheck,0,xsd:int
A.parameters.Temp.AlarmsRange,0,xsd:double
A.parameters.Temp.ParamType,27,xsd:int
A.parameters.Temp.ParamMode,0,xsd:int
A.parameters.Temp.Color,-5000,xsd:int
A.parameters.Temp.AlarmAddDelay,3,xsd:int
A.parameters.Temp.AlarmEndDelay,3,xsd:int
A.parameters.Temp.Units,°C,xsd:string
A.parameters.Temp.FID,0,xsd:int
A.parameters.Temp.DigitalSensor,false,xsd:boolean
A.parameters.Temp.ModbusID,0,xsd:int
A.parameters.Temp.RunPumpsIFIndex,0,xsd:int
A.parameters.Temp.MxValve,,xsd:string
A.parameters.Temp.MxRole,1,xsd:int
A.parameters.Temp.FilterWindow,8,xsd:unsignedInt
A.parameters.Temp.Decimals,-1,xsd:int
A.parameters.Temp.DecimalsCalc,1,xsd:unsignedInt
A.parameters.Temp.Calibratable,true,xsd:boolean
A.parameters.Temp.Favorite,false,xsd:boolean
A.parameters.Temp.Features,0,xsd:int
A.parameters.Temp.SensorError,false,xsd:boolean
A.parameters.OD.Name,OD,xsd:string
A.parameters.OD.FeedParm,false,xsd:boolean
A.parameters.OD.FeedPump,false,xsd:boolean
A.parameters.OD.PHTempComp,false,xsd:boolean
A.parameters.OD.Setpoint,0,xsd:double
A.parameters.OD.SetpReadback,6.182497501373291015625,xsd:double
A.parameters.OD.UpperAlarm,4,xsd:double
A.parameters.OD.LowerAlarm,0,xsd:double
A.parameters.OD.UpperCritical,4,xsd:double
A.parameters.OD.LowerCritical,0,xsd:double
A.parameters.OD.Measured,true,xsd:boolean
A.parameters.OD.Filtered,true,xsd:boolean
A.parameters.OD.Controlled,false,xsd:boolean
A.parameters.OD.OutputActive,false,xsd:boolean
A.parameters.OD.OutputMode,0,xsd:int
A.parameters.OD.PumpValuePlus,0,xsd:double
A.parameters.OD.PumpValueMinus,0,xsd:double
A.parameters.OD.PumpDurationPlus,0,xsd:int
A.parameters.OD.PumpDurationMinus,0,xsd:int
A.parameters.OD.PumpFactorPlus,1,xsd:double
A.parameters.OD.PumpFactorMinus,1,xsd:double
A.parameters.OD.DoseTime,0,xsd:double
A.parameters.OD.WaitTime,0,xsd:double
A.parameters.OD.HiReading,3776,xsd:int
A.parameters.OD.LowReading,756,xsd:int
A.parameters.OD.HiRef,6,xsd:double
A.parameters.OD.LowRef,0,xsd:double
A.parameters.OD.Slope,0.00198675505816936492919921875,xsd:double
A.parameters.OD.Offset,-1.50198686122894287109375,xsd:double
A.parameters.OD.CurReading,3868,xsd:int
A.parameters.OD.CurValue,6.182439327239990234375,xsd:double
A.parameters.OD.RefTemp,25,xsd:double
A.parameters.OD.Output,0,xsd:double
A.parameters.OD.PTerm,1,xsd:double
A.parameters.OD.ITerm,0,xsd:double
A.parameters.OD.ILimit,100,xsd:double
A.parameters.OD.DTerm,0,xsd:double
A.parameters.OD.DeadBand,0,xsd:double
A.parameters.OD.NegFactor,1,xsd:double
A.parameters.OD.EvalTime,10,xsd:int
A.parameters.OD.RampOutput,false,xsd:boolean
A.parameters.OD.RampStep,5,xsd:double
A.parameters.OD.MasterChannel,0,xsd:int
A.parameters.OD.AddSetp,false,xsd:boolean
A.parameters.OD.AddLimiter,false,xsd:boolean
A.parameters.OD.AddFactor,0,xsd:double
A.parameters.OD.ExtSetp,false,xsd:boolean
A.parameters.OD.SetpLimiter,false,xsd:boolean
A.parameters.OD.CascadeKind,0,xsd:int
A.parameters.OD.SetpMax,4,xsd:double
A.parameters.OD.SetpMin,0,xsd:double
A.parameters.OD.MaxValue,4,xsd:double
A.parameters.OD.MinValue,0,xsd:double
A.parameters.OD.OutputMax,100,xsd:double
A.parameters.OD.OutputMin,0,xsd:double
A.parameters.OD.DefOutput,0,xsd:int
A.parameters.OD.InputChannel,18,xsd:int
A.parameters.OD.DigOutput,0,xsd:int
A.parameters.OD.AnaOutRange,2,xsd:int
A.parameters.OD.InvertOut,false,xsd:boolean
A.parameters.OD.DisplayPumps,0,xsd:int
A.parameters.OD.Exists,true,xsd:boolean
A.parameters.OD.UID,OD,xsd:string
A.parameters.OD.AlarmsCheck,0,xsd:int
A.parameters.OD.AlarmsRange,0,xsd:double
A.parameters.OD.ParamType,30,xsd:int
A.parameters.OD.ParamMode,1,xsd:int
A.parameters.OD.Color,-1,xsd:int
A.parameters.OD.AlarmAddDelay,3,xsd:int
A.parameters.OD.AlarmEndDelay,3,xsd:int
A.parameters.OD.Units,CU,xsd:string
A.parameters.OD.FID,0,xsd:int
A.parameters.OD.DigitalSensor,false,xsd:boolean
A.parameters.OD.ModbusID,0,xsd:int
A.parameters.OD.RunPumpsIFIndex,0,xsd:int
A.parameters.OD.MxValve,,xsd:string
A.parameters.OD.MxRole,1,xsd:int
A.parameters.OD.FilterWindow,8,xsd:unsignedInt
A.parameters.OD.Decimals,-1,xsd:int
A.parameters.OD.DecimalsCalc,2,xsd:unsignedInt
A.parameters.OD.Calibratable,true,xsd:boolean
A.parameters.OD.Favorite,false,xsd:boolean
A.parameters.OD.Features,0,xsd:int
A.parameters.OD.SensorError,false,xsd:boolean
A.parameters.ExitCO2.Name,Exit CO₂,xsd:string
A.parameters.ExitCO2.FeedParm,false,xsd:boolean
A.parameters.ExitCO2.FeedPump,false,xsd:boolean
A.parameters.ExitCO2.PHTempComp,false,xsd:boolean
A.parameters.ExitCO2.Setpoint,0,xsd:double
A.parameters.ExitCO2.SetpReadback,-0.999999344348907470703125,xsd:double
A.parameters.ExitCO2.UpperAlarm,25,xsd:double
A.parameters.ExitCO2.LowerAlarm,0,xsd:double
A.parameters.ExitCO2.UpperCritical,25,xsd:double
A.parameters.ExitCO2.LowerCritical,0,xsd:double
A.parameters.ExitCO2.Measured,true,xsd:boolean
A.parameters.ExitCO2.Filtered,true,xsd:boolean
A.parameters.ExitCO2.Controlled,false,xsd:boolean
A.parameters.ExitCO2.OutputActive,false,xsd:boolean
A.parameters.ExitCO2.OutputMode,0,xsd:int
A.parameters.ExitCO2.PumpValuePlus,0,xsd:double
A.parameters.ExitCO2.PumpValueMinus,0,xsd:double
A.parameters.ExitCO2.PumpDurationPlus,0,xsd:int
A.parameters.ExitCO2.PumpDurationMinus,0,xsd:int
A.parameters.ExitCO2.PumpFactorPlus,1,xsd:double
A.parameters.ExitCO2.PumpFactorMinus,1,xsd:double
A.parameters.ExitCO2.DoseTime,0,xsd:double
A.parameters.ExitCO2.WaitTime,0,xsd:double
A.parameters.ExitCO2.HiReading,3768,xsd:int
A.parameters.ExitCO2.LowReading,756,xsd:int
A.parameters.ExitCO2.HiRef,10,xsd:double
A.parameters.ExitCO2.LowRef,0,xsd:double
A.parameters.ExitCO2.Slope,0.00332005321979522705078125,xsd:double
A.parameters.ExitCO2.Offset,-2.509960174560546875,xsd:double
A.parameters.ExitCO2.CurReading,184,xsd:int
A.parameters.ExitCO2.CurValue,-0.999999344348907470703125,xsd:double
A.parameters.ExitCO2.RefTemp,25,xsd:double
A.parameters.ExitCO2.Output,0,xsd:double
A.parameters.ExitCO2.PTerm,1,xsd:double
A.parameters.ExitCO2.ITerm,0.010000000707805156707763671875,xsd:double
A.parameters.ExitCO2.ILimit,100,xsd:double
A.parameters.ExitCO2.DTerm,0,xsd:double
A.parameters.ExitCO2.DeadBand,0,xsd:double
A.parameters.ExitCO2.NegFactor,1,xsd:double
A.parameters.ExitCO2.EvalTime,10,xsd:int
A.parameters.ExitCO2.RampOutput,false,xsd:boolean
A.parameters.ExitCO2.RampStep,5,xsd:double
A.parameters.ExitCO2.MasterChannel,0,xsd:int
A.parameters.ExitCO2.AddSetp,false,xsd:boolean
A.parameters.ExitCO2.AddLimiter,false,xsd:boolean
A.parameters.ExitCO2.AddFactor,10,xsd:double
A.parameters.ExitCO2.ExtSetp,false,xsd:boolean
A.parameters.ExitCO2.SetpLimiter,false,xsd:boolean
A.parameters.ExitCO2.CascadeKind,0,xsd:int
A.parameters.ExitCO2.SetpMax,25,xsd:double
A.parameters.ExitCO2.SetpMin,0,xsd:double
A.parameters.ExitCO2.MaxValue,25,xsd:double
A.parameters.ExitCO2.MinValue,0,xsd:double
A.parameters.ExitCO2.OutputMax,100,xsd:double
A.parameters.ExitCO2.OutputMin,0,xsd:double
A.parameters.ExitCO2.DefOutput,0,xsd:int
A.parameters.ExitCO2.InputChannel,16,xsd:int
A.parameters.ExitCO2.DigOutput,0,xsd:int
A.parameters.ExitCO2.AnaOutRange,2,xsd:int
A.parameters.ExitCO2.InvertOut,false,xsd:boolean
A.parameters.ExitCO2.DisplayPumps,0,xsd:int
A.parameters.ExitCO2.Exists,true,xsd:boolean
A.parameters.ExitCO2.UID,ExitCO2,xsd:string
A.parameters.ExitCO2.AlarmsCheck,0,xsd:int
A.parameters.ExitCO2.AlarmsRange,0,xsd:double
A.parameters.ExitCO2.ParamType,4,xsd:int
A.parameters.ExitCO2.ParamMode,1,xsd:int
A.parameters.ExitCO2.Color,-1,xsd:int
A.parameters.ExitCO2.AlarmAddDelay,3,xsd:int
A.parameters.ExitCO2.AlarmEndDelay,3,xsd:int
A.parameters.ExitCO2.Units,%,xsd:string
A.parameters.ExitCO2.FID,0,xsd:int
A.parameters.ExitCO2.DigitalSensor,true,xsd:boolean
A.parameters.ExitCO2.ModbusID,9,xsd:int
A.parameters.ExitCO2.RunPumpsIFIndex,0,xsd:int
A.parameters.ExitCO2.MxValve,DO_D,xsd:string
A.parameters.ExitCO2.MxRole,0,xsd:int
A.parameters.ExitCO2.FilterWindow,8,xsd:unsignedInt
A.parameters.ExitCO2.Decimals,-1,xsd:int
A.parameters.ExitCO2.DecimalsCalc,2,xsd:unsignedInt
A.parameters.ExitCO2.Calibratable,false,xsd:boolean
A.parameters.ExitCO2.Favorite,false,xsd:boolean
A.parameters.ExitCO2.Features,0,xsd:int
A.parameters.ExitCO2.SensorError,true,xsd:boolean
A.parameters.ExitO2.Name,Exit O₂,xsd:string
A.parameters.ExitO2.FeedParm,false,xsd:boolean
A.parameters.ExitO2.FeedPump,false,xsd:boolean
A.parameters.ExitO2.PHTempComp,false,xsd:boolean
A.parameters.ExitO2.Setpoint,0,xsd:double
A.parameters.ExitO2.SetpReadback,-0.999999344348907470703125,xsd:double
A.parameters.ExitO2.UpperAlarm,50,xsd:double
A.parameters.ExitO2.LowerAlarm,0,xsd:double
A.parameters.ExitO2.UpperCritical,50,xsd:double
A.parameters.ExitO2.LowerCritical,0,xsd:double
A.parameters.ExitO2.Measured,true,xsd:boolean
A.parameters.ExitO2.Filtered,true,xsd:boolean
A.parameters.ExitO2.Controlled,false,xsd:boolean
A.parameters.ExitO2.OutputActive,false,xsd:boolean
A.parameters.ExitO2.OutputMode,0,xsd:int
A.parameters.ExitO2.PumpValuePlus,0,xsd:double
A.parameters.ExitO2.PumpValueMinus,0,xsd:double
A.parameters.ExitO2.PumpDurationPlus,0,xsd:int
A.parameters.ExitO2.PumpDurationMinus,0,xsd:int
A.parameters.ExitO2.PumpFactorPlus,1,xsd:double
A.parameters.ExitO2.PumpFactorMinus,1,xsd:double
A.parameters.ExitO2.DoseTime,0,xsd:double
A.parameters.ExitO2.WaitTime,0,xsd:double
A.parameters.ExitO2.HiReading,3779,xsd:int
A.parameters.ExitO2.LowReading,759,xsd:int
A.parameters.ExitO2.HiRef,25,xsd:double
A.parameters.ExitO2.LowRef,0,xsd:double
A.parameters.ExitO2.Slope,0.008278145454823970794677734375,xsd:double
A.parameters.ExitO2.Offset,-6.28311252593994140625,xsd:double
A.parameters.ExitO2.CurReading,185,xsd:int
A.parameters.ExitO2.CurValue,-0.999999344348907470703125,xsd:double
A.parameters.ExitO2.RefTemp,25,xsd:double
A.parameters.ExitO2.Output,0,xsd:double
A.parameters.ExitO2.PTerm,1,xsd:double
A.parameters.ExitO2.ITerm,0.010000000707805156707763671875,xsd:double
A.parameters.ExitO2.ILimit,100,xsd:double
A.parameters.ExitO2.DTerm,0,xsd:double
A.parameters.ExitO2.DeadBand,0,xsd:double
A.parameters.ExitO2.NegFactor,1,xsd:double
A.parameters.ExitO2.EvalTime,10,xsd:int
A.parameters.ExitO2.RampOutput,false,xsd:boolean
A.parameters.ExitO2.RampStep,5,xsd:double
A.parameters.ExitO2.MasterChannel,0,xsd:int
A.parameters.ExitO2.AddSetp,false,xsd:boolean
A.parameters.ExitO2.AddLimiter,false,xsd:boolean
A.parameters.ExitO2.AddFactor,25,xsd:double
A.parameters.ExitO2.ExtSetp,false,xsd:boolean
A.parameters.ExitO2.SetpLimiter,false,xsd:boolean
A.parameters.ExitO2.CascadeKind,0,xsd:int
A.parameters.ExitO2.SetpMax,50,xsd:double
A.parameters.ExitO2.SetpMin,0,xsd:double
A.parameters.ExitO2.MaxValue,50,xsd:double
A.parameters.ExitO2.MinValue,0,xsd:double
A.parameters.ExitO2.OutputMax,100,xsd:double
A.parameters.ExitO2.OutputMin,-100,xsd:double
A.parameters.ExitO2.DefOutput,0,xsd:int
A.parameters.ExitO2.InputChannel,15,xsd:int
A.parameters.ExitO2.DigOutput,0,xsd:int
A.parameters.ExitO2.AnaOutRange,0,xsd:int
A.parameters.ExitO2.InvertOut,false,xsd:boolean
A.parameters.ExitO2.DisplayPumps,0,xsd:int
A.parameters.ExitO2.Exists,true,xsd:boolean
A.parameters.ExitO2.UID,ExitO2,xsd:string
A.parameters.ExitO2.AlarmsCheck,0,xsd:int
A.parameters.ExitO2.AlarmsRange,0,xsd:double
A.parameters.ExitO2.ParamType,5,xsd:int
A.parameters.ExitO2.ParamMode,1,xsd:int
A.parameters.ExitO2.Color,-1,xsd:int
A.parameters.ExitO2.AlarmAddDelay,3,xsd:int
A.parameters.ExitO2.AlarmEndDelay,3,xsd:int
A.parameters.ExitO2.Units,%,xsd:string
A.parameters.ExitO2.FID,0,xsd:int
A.parameters.ExitO2.DigitalSensor,true,xsd:boolean
A.parameters.ExitO2.ModbusID,9,xsd:int
A.parameters.ExitO2.RunPumpsIFIndex,0,xsd:int
A.parameters.ExitO2.MxValve,DO_D,xsd:string
A.parameters.ExitO2.MxRole,0,xsd:int
A.parameters.ExitO2.FilterWindow,8,xsd:unsignedInt
A.parameters.ExitO2.Decimals,-1,xsd:int
A.parameters.ExitO2.DecimalsCalc,1,xsd:unsignedInt
A.parameters.ExitO2.Calibratable,false,xsd:boolean
A.parameters.ExitO2.Favorite,false,xsd:boolean
A.parameters.ExitO2.Features,0,xsd:int
A.parameters.ExitO2.SensorError,true,xsd:boolean
A.parameters.O2Flow.Name,O₂ Flow,xsd:string
A.parameters.O2Flow.FeedParm,false,xsd:boolean
A.parameters.O2Flow.FeedPump,false,xsd:boolean
A.parameters.O2Flow.PHTempComp,true,xsd:boolean
A.parameters.O2Flow.Setpoint,0,xsd:double
A.parameters.O2Flow.SetpReadback,0,xsd:double
A.parameters.O2Flow.UpperAlarm,5,xsd:double
A.parameters.O2Flow.LowerAlarm,0,xsd:double
A.parameters.O2Flow.UpperCritical,5,xsd:double
A.parameters.O2Flow.LowerCritical,0,xsd:double
A.parameters.O2Flow.Measured,true,xsd:boolean
A.parameters.O2Flow.Filtered,true,xsd:boolean
A.parameters.O2Flow.Controlled,false,xsd:boolean
A.parameters.O2Flow.OutputActive,false,xsd:boolean
A.parameters.O2Flow.OutputMode,0,xsd:int
A.parameters.O2Flow.PumpValuePlus,0,xsd:double
A.parameters.O2Flow.PumpValueMinus,0,xsd:double
A.parameters.O2Flow.PumpDurationPlus,0,xsd:int
A.parameters.O2Flow.PumpDurationMinus,0,xsd:int
A.parameters.O2Flow.PumpFactorPlus,1,xsd:double
A.parameters.O2Flow.PumpFactorMinus,1,xsd:double
A.parameters.O2Flow.DoseTime,0,xsd:double
A.parameters.O2Flow.WaitTime,0,xsd:double
A.parameters.O2Flow.HiReading,4095,xsd:int
A.parameters.O2Flow.LowReading,0,xsd:int
A.parameters.O2Flow.HiRef,100,xsd:double
A.parameters.O2Flow.LowRef,0,xsd:double
A.parameters.O2Flow.Slope,0.02442002482712268829345703125,xsd:double
A.parameters.O2Flow.Offset,0,xsd:double
A.parameters.O2Flow.CurReading,140,xsd:int
A.parameters.O2Flow.CurValue,0,xsd:double
A.parameters.O2Flow.RefTemp,25,xsd:double
A.parameters.O2Flow.Output,0,xsd:double
A.parameters.O2Flow.PTerm,1,xsd:double
A.parameters.O2Flow.ITerm,0,xsd:double
A.parameters.O2Flow.ILimit,100,xsd:double
A.parameters.O2Flow.DTerm,0,xsd:double
A.parameters.O2Flow.DeadBand,0,xsd:double
A.parameters.O2Flow.NegFactor,1,xsd:double
A.parameters.O2Flow.EvalTime,1,xsd:int
A.parameters.O2Flow.RampOutput,false,xsd:boolean
A.parameters.O2Flow.RampStep,5,xsd:double
A.parameters.O2Flow.MasterChannel,0,xsd:int
A.parameters.O2Flow.AddSetp,false,xsd:boolean
A.parameters.O2Flow.AddLimiter,false,xsd:boolean
A.parameters.O2Flow.AddFactor,2,xsd:double
A.parameters.O2Flow.ExtSetp,false,xsd:boolean
A.parameters.O2Flow.SetpLimiter,false,xsd:boolean
A.parameters.O2Flow.CascadeKind,0,xsd:int
A.parameters.O2Flow.SetpMax,2,xsd:double
A.parameters.O2Flow.SetpMin,0,xsd:double
A.parameters.O2Flow.MaxValue,5,xsd:double
A.parameters.O2Flow.MinValue,0,xsd:double
A.parameters.O2Flow.OutputMax,100,xsd:double
A.parameters.O2Flow.OutputMin,0,xsd:double
A.parameters.O2Flow.DefOutput,0,xsd:int
A.parameters.O2Flow.InputChannel,13,xsd:int
A.parameters.O2Flow.DigOutput,0,xsd:int
A.parameters.O2Flow.AnaOutRange,2,xsd:int
A.parameters.O2Flow.InvertOut,false,xsd:boolean
A.parameters.O2Flow.DisplayPumps,0,xsd:int
A.parameters.O2Flow.Exists,true,xsd:boolean
A.parameters.O2Flow.UID,O2Flow,xsd:string
A.parameters.O2Flow.AlarmsCheck,0,xsd:int
A.parameters.O2Flow.AlarmsRange,0,xsd:double
A.parameters.O2Flow.ParamType,10,xsd:int
A.parameters.O2Flow.ParamMode,0,xsd:int
A.parameters.O2Flow.Color,-1,xsd:int
A.parameters.O2Flow.AlarmAddDelay,3,xsd:int
A.parameters.O2Flow.AlarmEndDelay,3,xsd:int
A.parameters.O2Flow.Units,L/min,xsd:string
A.parameters.O2Flow.FID,0,xsd:int
A.parameters.O2Flow.DigitalSensor,false,xsd:boolean
A.parameters.O2Flow.ModbusID,0,xsd:int
A.parameters.O2Flow.RunPumpsIFIndex,0,xsd:int
A.parameters.O2Flow.MxValve,,xsd:string
A.parameters.O2Flow.MxRole,1,xsd:int
A.parameters.O2Flow.FilterWindow,8,xsd:unsignedInt
A.parameters.O2Flow.Decimals,-1,xsd:int
A.parameters.O2Flow.DecimalsCalc,2,xsd:unsignedInt
A.parameters.O2Flow.Calibratable,false,xsd:boolean
A.parameters.O2Flow.Favorite,false,xsd:boolean
A.parameters.O2Flow.Features,0,xsd:int
A.parameters.O2Flow.SensorError,false,xsd:boolean
A.parameters.N2Flow.Name,N₂ Flow,xsd:string
A.parameters.N2Flow.FeedParm,false,xsd:boolean
A.parameters.N2Flow.FeedPump,false,xsd:boolean
A.parameters.N2Flow.PHTempComp,false,xsd:boolean
A.parameters.N2Flow.Setpoint,0,xsd:double
A.parameters.N2Flow.SetpReadback,0,xsd:double
A.parameters.N2Flow.UpperAlarm,5,xsd:double
A.parameters.N2Flow.LowerAlarm,0,xsd:double
A.parameters.N2Flow.UpperCritical,5,xsd:double
A.parameters.N2Flow.LowerCritical,0,xsd:double
A.parameters.N2Flow.Measured,true,xsd:boolean
A.parameters.N2Flow.Filtered,true,xsd:boolean
A.parameters.N2Flow.Controlled,false,xsd:boolean
A.parameters.N2Flow.OutputActive,false,xsd:boolean
A.parameters.N2Flow.OutputMode,0,xsd:int
A.parameters.N2Flow.PumpValuePlus,0,xsd:double
A.parameters.N2Flow.PumpValueMinus,0,xsd:double
A.parameters.N2Flow.PumpDurationPlus,0,xsd:int
A.parameters.N2Flow.PumpDurationMinus,0,xsd:int
A.parameters.N2Flow.PumpFactorPlus,1,xsd:double
A.parameters.N2Flow.PumpFactorMinus,1,xsd:double
A.parameters.N2Flow.DoseTime,0,xsd:double
A.parameters.N2Flow.WaitTime,0,xsd:double
A.parameters.N2Flow.HiReading,4095,xsd:int
A.parameters.N2Flow.LowReading,0,xsd:int
A.parameters.N2Flow.HiRef,100,xsd:double
A.parameters.N2Flow.LowRef,25,xsd:double
A.parameters.N2Flow.Slope,0.02442002482712268829345703125,xsd:double
A.parameters.N2Flow.Offset,0,xsd:double
A.parameters.N2Flow.CurReading,139,xsd:int
A.parameters.N2Flow.CurValue,0,xsd:double
A.parameters.N2Flow.RefTemp,123.339996337890625,xsd:double
A.parameters.N2Flow.Output,0,xsd:double
A.parameters.N2Flow.PTerm,1,xsd:double
A.parameters.N2Flow.ITerm,0,xsd:double
A.parameters.N2Flow.ILimit,100,xsd:double
A.parameters.N2Flow.DTerm,0,xsd:double
A.parameters.N2Flow.DeadBand,0,xsd:double
A.parameters.N2Flow.NegFactor,1,xsd:double
A.parameters.N2Flow.EvalTime,1,xsd:int
A.parameters.N2Flow.RampOutput,false,xsd:boolean
A.parameters.N2Flow.RampStep,5,xsd:double
A.parameters.N2Flow.MasterChannel,9,xsd:int
A.parameters.N2Flow.AddSetp,false,xsd:boolean
A.parameters.N2Flow.AddLimiter,false,xsd:boolean
A.parameters.N2Flow.AddFactor,5,xsd:double
A.parameters.N2Flow.ExtSetp,false,xsd:boolean
A.parameters.N2Flow.SetpLimiter,false,xsd:boolean
A.parameters.N2Flow.CascadeKind,0,xsd:int
A.parameters.N2Flow.SetpMax,5,xsd:double
A.parameters.N2Flow.SetpMin,0,xsd:double
A.parameters.N2Flow.MaxValue,5,xsd:double
A.parameters.N2Flow.MinValue,0,xsd:double
A.parameters.N2Flow.OutputMax,100,xsd:double
A.parameters.N2Flow.OutputMin,0,xsd:double
A.parameters.N2Flow.DefOutput,0,xsd:int
A.parameters.N2Flow.InputChannel,12,xsd:int
A.parameters.N2Flow.DigOutput,0,xsd:int
A.parameters.N2Flow.AnaOutRange,2,xsd:int
A.parameters.N2Flow.InvertOut,false,xsd:boolean
A.parameters.N2Flow.DisplayPumps,0,xsd:int
A.parameters.N2Flow.Exists,true,xsd:boolean
A.parameters.N2Flow.UID,N2Flow,xsd:string
A.parameters.N2Flow.AlarmsCheck,0,xsd:int
A.parameters.N2Flow.AlarmsRange,0,xsd:double
A.parameters.N2Flow.ParamType,9,xsd:int
A.parameters.N2Flow.ParamMode,0,xsd:int
A.parameters.N2Flow.Color,-1,xsd:int
A.parameters.N2Flow.AlarmAddDelay,3,xsd:int
A.parameters.N2Flow.AlarmEndDelay,3,xsd:int
A.parameters.N2Flow.Units,L/min,xsd:string
A.parameters.N2Flow.FID,0,xsd:int
A.parameters.N2Flow.DigitalSensor,false,xsd:boolean
A.parameters.N2Flow.ModbusID,0,xsd:int
A.parameters.N2Flow.RunPumpsIFIndex,0,xsd:int
A.parameters.N2Flow.MxValve,,xsd:string
A.parameters.N2Flow.MxRole,1,xsd:int
A.parameters.N2Flow.FilterWindow,8,xsd:unsignedInt
A.parameters.N2Flow.Decimals,-1,xsd:int
A.parameters.N2Flow.DecimalsCalc,2,xsd:unsignedInt
A.parameters.N2Flow.Calibratable,false,xsd:boolean
A.parameters.N2Flow.Favorite,false,xsd:boolean
A.parameters.N2Flow.Features,0,xsd:int
A.parameters.N2Flow.SensorError,false,xsd:boolean
A.parameters.Flow.Name,Air Flow,xsd:string
A.parameters.Flow.FeedParm,false,xsd:boolean
A.parameters.Flow.FeedPump,false,xsd:boolean
A.parameters.Flow.PHTempComp,false,xsd:boolean
A.parameters.Flow.Setpoint,2,xsd:double
A.parameters.Flow.SetpReadback,0,xsd:double
A.parameters.Flow.UpperAlarm,5,xsd:double
A.parameters.Flow.LowerAlarm,1,xsd:double
A.parameters.Flow.UpperCritical,5,xsd:double
A.parameters.Flow.LowerCritical,1,xsd:double
A.parameters.Flow.Measured,true,xsd:boolean
A.parameters.Flow.Filtered,true,xsd:boolean
A.parameters.Flow.Controlled,false,xsd:boolean
A.parameters.Flow.OutputActive,false,xsd:boolean
A.parameters.Flow.OutputMode,0,xsd:int
A.parameters.Flow.PumpValuePlus,0,xsd:double
A.parameters.Flow.PumpValueMinus,0,xsd:double
A.parameters.Flow.PumpDurationPlus,0,xsd:int
A.parameters.Flow.PumpDurationMinus,0,xsd:int
A.parameters.Flow.PumpFactorPlus,1,xsd:double
A.parameters.Flow.PumpFactorMinus,1,xsd:double
A.parameters.Flow.DoseTime,0,xsd:double
A.parameters.Flow.WaitTime,0,xsd:double
A.parameters.Flow.HiReading,4095,xsd:int
A.parameters.Flow.LowReading,0,xsd:int
A.parameters.Flow.HiRef,100,xsd:double
A.parameters.Flow.LowRef,0,xsd:double
A.parameters.Flow.Slope,0.02442002482712268829345703125,xsd:double
A.parameters.Flow.Offset,0,xsd:double
A.parameters.Flow.CurReading,137,xsd:int
A.parameters.Flow.CurValue,0,xsd:double
A.parameters.Flow.RefTemp,25,xsd:double
A.parameters.Flow.Output,0,xsd:double
A.parameters.Flow.PTerm,1.5,xsd:double
A.parameters.Flow.ITerm,0,xsd:double
A.parameters.Flow.ILimit,100,xsd:double
A.parameters.Flow.DTerm,0,xsd:double
A.parameters.Flow.DeadBand,0,xsd:double
A.parameters.Flow.NegFactor,1,xsd:double
A.parameters.Flow.EvalTime,1,xsd:int
A.parameters.Flow.RampOutput,false,xsd:boolean
A.parameters.Flow.RampStep,5,xsd:double
A.parameters.Flow.MasterChannel,0,xsd:int
A.parameters.Flow.AddSetp,false,xsd:boolean
A.parameters.Flow.AddLimiter,false,xsd:boolean
A.parameters.Flow.AddFactor,3,xsd:double
A.parameters.Flow.ExtSetp,false,xsd:boolean
A.parameters.Flow.SetpLimiter,false,xsd:boolean
A.parameters.Flow.CascadeKind,0,xsd:int
A.parameters.Flow.SetpMax,5,xsd:double
A.parameters.Flow.SetpMin,2,xsd:double
A.parameters.Flow.MaxValue,5,xsd:double
A.parameters.Flow.MinValue,0,xsd:double
A.parameters.Flow.OutputMax,100,xsd:double
A.parameters.Flow.OutputMin,0,xsd:double
A.parameters.Flow.DefOutput,0,xsd:int
A.parameters.Flow.InputChannel,11,xsd:int
A.parameters.Flow.DigOutput,0,xsd:int
A.parameters.Flow.AnaOutRange,2,xsd:int
A.parameters.Flow.InvertOut,false,xsd:boolean
A.parameters.Flow.DisplayPumps,0,xsd:int
A.parameters.Flow.Exists,true,xsd:boolean
A.parameters.Flow.UID,Flow,xsd:string
A.parameters.Flow.AlarmsCheck,0,xsd:int
A.parameters.Flow.AlarmsRange,0,xsd:double
A.parameters.Flow.ParamType,7,xsd:int
A.parameters.Flow.ParamMode,0,xsd:int
A.parameters.Flow.Color,-1,xsd:int
A.parameters.Flow.AlarmAddDelay,3,xsd:int
A.parameters.Flow.AlarmEndDelay,3,xsd:int
A.parameters.Flow.Units,L/min,xsd:string
A.parameters.Flow.FID,0,xsd:int
A.parameters.Flow.DigitalSensor,false,xsd:boolean
A.parameters.Flow.ModbusID,0,xsd:int
A.parameters.Flow.RunPumpsIFIndex,0,xsd:int
A.parameters.Flow.MxValve,,xsd:string
A.parameters.Flow.MxRole,1,xsd:int
A.parameters.Flow.FilterWindow,8,xsd:unsignedInt
A.parameters.Flow.Decimals,-1,xsd:int
A.parameters.Flow.DecimalsCalc,2,xsd:unsignedInt
A.parameters.Flow.Calibratable,false,xsd:boolean
A.parameters.Flow.Favorite,false,xsd:boolean
A.parameters.Flow.Features,0,xsd:int
A.parameters.Flow.SensorError,false,xsd:boolean
A.parameters.GMFlow.Name,GM Flow,xsd:string
A.parameters.GMFlow.FeedParm,false,xsd:boolean
A.parameters.GMFlow.FeedPump,false,xsd:boolean
A.parameters.GMFlow.PHTempComp,false,xsd:boolean
A.parameters.GMFlow.Setpoint,2,xsd:double
A.parameters.GMFlow.SetpReadback,0,xsd:double
A.parameters.GMFlow.UpperAlarm,5,xsd:double
A.parameters.GMFlow.LowerAlarm,0,xsd:double
A.parameters.GMFlow.UpperCritical,5,xsd:double
A.parameters.GMFlow.LowerCritical,0,xsd:double
A.parameters.GMFlow.Measured,true,xsd:boolean
A.parameters.GMFlow.Filtered,true,xsd:boolean
A.parameters.GMFlow.Controlled,true,xsd:boolean
A.parameters.GMFlow.OutputActive,false,xsd:boolean
A.parameters.GMFlow.OutputMode,0,xsd:int
A.parameters.GMFlow.PumpValuePlus,0,xsd:double
A.parameters.GMFlow.PumpValueMinus,0,xsd:double
A.parameters.GMFlow.PumpDurationPlus,0,xsd:int
A.parameters.GMFlow.PumpDurationMinus,0,xsd:int
A.parameters.GMFlow.PumpFactorPlus,1,xsd:double
A.parameters.GMFlow.PumpFactorMinus,1,xsd:double
A.parameters.GMFlow.DoseTime,0,xsd:double
A.parameters.GMFlow.WaitTime,0,xsd:double
A.parameters.GMFlow.HiReading,4095,xsd:int
A.parameters.GMFlow.LowReading,0,xsd:int
A.parameters.GMFlow.HiRef,100,xsd:double
A.parameters.GMFlow.LowRef,0,xsd:double
A.parameters.GMFlow.Slope,0.02442002482712268829345703125,xsd:double
A.parameters.GMFlow.Offset,0,xsd:double
A.parameters.GMFlow.CurReading,65,xsd:int
A.parameters.GMFlow.CurValue,0,xsd:double
A.parameters.GMFlow.RefTemp,25,xsd:double
A.parameters.GMFlow.Output,0,xsd:double
A.parameters.GMFlow.PTerm,13,xsd:double
A.parameters.GMFlow.ITerm,11,xsd:double
A.parameters.GMFlow.ILimit,100,xsd:double
A.parameters.GMFlow.DTerm,12,xsd:double
A.parameters.GMFlow.DeadBand,90,xsd:double
A.parameters.GMFlow.NegFactor,1,xsd:double
A.parameters.GMFlow.EvalTime,1,xsd:int
A.parameters.GMFlow.RampOutput,false,xsd:boolean
A.parameters.GMFlow.RampStep,5,xsd:double
A.parameters.GMFlow.MasterChannel,0,xsd:int
A.parameters.GMFlow.AddSetp,false,xsd:boolean
A.parameters.GMFlow.AddLimiter,false,xsd:boolean
A.parameters.GMFlow.AddFactor,3,xsd:double
A.parameters.GMFlow.ExtSetp,false,xsd:boolean
A.parameters.GMFlow.SetpLimiter,false,xsd:boolean
A.parameters.GMFlow.CascadeKind,0,xsd:int
A.parameters.GMFlow.SetpMax,5,xsd:double
A.parameters.GMFlow.SetpMin,0,xsd:double
A.parameters.GMFlow.MaxValue,5,xsd:double
A.parameters.GMFlow.MinValue,0,xsd:double
A.parameters.GMFlow.OutputMax,100,xsd:double
A.parameters.GMFlow.OutputMin,0,xsd:double
A.parameters.GMFlow.DefOutput,0,xsd:int
A.parameters.GMFlow.InputChannel,10,xsd:int
A.parameters.GMFlow.DigOutput,0,xsd:int
A.parameters.GMFlow.AnaOutRange,2,xsd:int
A.parameters.GMFlow.InvertOut,false,xsd:boolean
A.parameters.GMFlow.DisplayPumps,0,xsd:int
A.parameters.GMFlow.Exists,true,xsd:boolean
A.parameters.GMFlow.UID,GMFlow,xsd:string
A.parameters.GMFlow.AlarmsCheck,0,xsd:int
A.parameters.GMFlow.AlarmsRange,0,xsd:double
A.parameters.GMFlow.ParamType,11,xsd:int
A.parameters.GMFlow.ParamMode,0,xsd:int
A.parameters.GMFlow.Color,-1,xsd:int
A.parameters.GMFlow.AlarmAddDelay,3,xsd:int
A.parameters.GMFlow.AlarmEndDelay,3,xsd:int
A.parameters.GMFlow.Units,L/min,xsd:string
A.parameters.GMFlow.FID,0,xsd:int
A.parameters.GMFlow.DigitalSensor,false,xsd:boolean
A.parameters.GMFlow.ModbusID,0,xsd:int
A.parameters.GMFlow.RunPumpsIFIndex,0,xsd:int
A.parameters.GMFlow.MxValve,,xsd:string
A.parameters.GMFlow.MxRole,1,xsd:int
A.parameters.GMFlow.FilterWindow,8,xsd:unsignedInt
A.parameters.GMFlow.Decimals,-1,xsd:int
A.parameters.GMFlow.DecimalsCalc,2,xsd:unsignedInt
A.parameters.GMFlow.Calibratable,false,xsd:boolean
A.parameters.GMFlow.Favorite,false,xsd:boolean
A.parameters.GMFlow.Features,0,xsd:int
A.parameters.GMFlow.SensorError,false,xsd:boolean
A.parameters.GasMix.Name,GasMix,xsd:string
A.parameters.GasMix.FeedParm,false,xsd:boolean
A.parameters.GasMix.FeedPump,false,xsd:boolean
A.parameters.GasMix.PHTempComp,false,xsd:boolean
A.parameters.GasMix.Setpoint,0,xsd:double
A.parameters.GasMix.SetpReadback,21.00124359130859375,xsd:double
A.parameters.GasMix.UpperAlarm,100,xsd:double
A.parameters.GasMix.LowerAlarm,-100,xsd:double
A.parameters.GasMix.UpperCritical,100,xsd:double
A.parameters.GasMix.LowerCritical,-100,xsd:double
A.parameters.GasMix.Measured,true,xsd:boolean
A.parameters.GasMix.Filtered,false,xsd:boolean
A.parameters.GasMix.Controlled,false,xsd:boolean
A.parameters.GasMix.OutputActive,false,xsd:boolean
A.parameters.GasMix.OutputMode,0,xsd:int
A.parameters.GasMix.PumpValuePlus,0,xsd:double
A.parameters.GasMix.PumpValueMinus,0,xsd:double
A.parameters.GasMix.PumpDurationPlus,0,xsd:int
A.parameters.GasMix.PumpDurationMinus,0,xsd:int
A.parameters.GasMix.PumpFactorPlus,1,xsd:double
A.parameters.GasMix.PumpFactorMinus,1,xsd:double
A.parameters.GasMix.DoseTime,0,xsd:double
A.parameters.GasMix.WaitTime,0,xsd:double
A.parameters.GasMix.HiReading,4095,xsd:int
A.parameters.GasMix.LowReading,0,xsd:int
A.parameters.GasMix.HiRef,100,xsd:double
A.parameters.GasMix.LowRef,0,xsd:double
A.parameters.GasMix.Slope,0.02442005090415477752685546875,xsd:double
A.parameters.GasMix.Offset,0,xsd:double
A.parameters.GasMix.CurReading,860,xsd:int
A.parameters.GasMix.CurValue,21.00124359130859375,xsd:double
A.parameters.GasMix.RefTemp,0,xsd:double
A.parameters.GasMix.Output,0,xsd:double
A.parameters.GasMix.PTerm,1,xsd:double
A.parameters.GasMix.ITerm,0,xsd:double
A.parameters.GasMix.ILimit,100,xsd:double
A.parameters.GasMix.DTerm,0,xsd:double
A.parameters.GasMix.DeadBand,0,xsd:double
A.parameters.GasMix.NegFactor,1,xsd:double
A.parameters.GasMix.EvalTime,10,xsd:int
A.parameters.GasMix.RampOutput,false,xsd:boolean
A.parameters.GasMix.RampStep,5,xsd:double
A.parameters.GasMix.MasterChannel,7,xsd:int
A.parameters.GasMix.AddSetp,false,xsd:boolean
A.parameters.GasMix.AddLimiter,false,xsd:boolean
A.parameters.GasMix.AddFactor,100,xsd:double
A.parameters.GasMix.ExtSetp,false,xsd:boolean
A.parameters.GasMix.SetpLimiter,false,xsd:boolean
A.parameters.GasMix.CascadeKind,0,xsd:int
A.parameters.GasMix.SetpMax,100,xsd:double
A.parameters.GasMix.SetpMin,0,xsd:double
A.parameters.GasMix.MaxValue,100,xsd:double
A.parameters.GasMix.MinValue,-100,xsd:double
A.parameters.GasMix.OutputMax,100,xsd:double
A.parameters.GasMix.OutputMin,0,xsd:double
A.parameters.GasMix.DefOutput,0,xsd:int
A.parameters.GasMix.InputChannel,9,xsd:int
A.parameters.GasMix.DigOutput,0,xsd:int
A.parameters.GasMix.AnaOutRange,2,xsd:int
A.parameters.GasMix.InvertOut,false,xsd:boolean
A.parameters.GasMix.DisplayPumps,0,xsd:int
A.parameters.GasMix.Exists,true,xsd:boolean
A.parameters.GasMix.UID,GasMix,xsd:string
A.parameters.GasMix.AlarmsCheck,0,xsd:int
A.parameters.GasMix.AlarmsRange,0,xsd:double
A.parameters.GasMix.ParamType,12,xsd:int
A.parameters.GasMix.ParamMode,0,xsd:int
A.parameters.GasMix.Color,-1,xsd:int
A.parameters.GasMix.AlarmAddDelay,3,xsd:int
A.parameters.GasMix.AlarmEndDelay,3,xsd:int
A.parameters.GasMix.Units,%O₂,xsd:string
A.parameters.GasMix.FID,0,xsd:int
A.parameters.GasMix.DigitalSensor,false,xsd:boolean
A.parameters.GasMix.ModbusID,0,xsd:int
A.parameters.GasMix.RunPumpsIFIndex,0,xsd:int
A.parameters.GasMix.MxValve,,xsd:string
A.parameters.GasMix.MxRole,1,xsd:int
A.parameters.GasMix.FilterWindow,8,xsd:unsignedInt
A.parameters.GasMix.Decimals,-1,xsd:int
A.parameters.GasMix.DecimalsCalc,1,xsd:unsignedInt
A.parameters.GasMix.Calibratable,false,xsd:boolean
A.parameters.GasMix.Favorite,false,xsd:boolean
A.parameters.GasMix.Features,0,xsd:int
A.parameters.GasMix.SensorError,false,xsd:boolean
A.parameters.AF.Name,Antifoam,xsd:string
A.parameters.AF.FeedParm,false,xsd:boolean
A.parameters.AF.FeedPump,false,xsd:boolean
A.parameters.AF.PHTempComp,false,xsd:boolean
A.parameters.AF.Setpoint,0,xsd:double
A.parameters.AF.SetpReadback,99.999847412109375,xsd:double
A.parameters.AF.UpperAlarm,100,xsd:double
A.parameters.AF.LowerAlarm,0,xsd:double
A.parameters.AF.UpperCritical,100,xsd:double
A.parameters.AF.LowerCritical,0,xsd:double
A.parameters.AF.Measured,true,xsd:boolean
A.parameters.AF.Filtered,true,xsd:boolean
A.parameters.AF.Controlled,true,xsd:boolean
A.parameters.AF.OutputActive,false,xsd:boolean
A.parameters.AF.OutputMode,0,xsd:int
A.parameters.AF.PumpValuePlus,0,xsd:double
A.parameters.AF.PumpValueMinus,0,xsd:double
A.parameters.AF.PumpDurationPlus,0,xsd:int
A.parameters.AF.PumpDurationMinus,0,xsd:int
A.parameters.AF.PumpFactorPlus,1,xsd:double
A.parameters.AF.PumpFactorMinus,1,xsd:double
A.parameters.AF.DoseTime,1,xsd:double
A.parameters.AF.WaitTime,7200,xsd:double
A.parameters.AF.HiReading,4095,xsd:int
A.parameters.AF.LowReading,0,xsd:int
A.parameters.AF.HiRef,100,xsd:double
A.parameters.AF.LowRef,0,xsd:double
A.parameters.AF.Slope,0.024420000612735748291015625,xsd:double
A.parameters.AF.Offset,0,xsd:double
A.parameters.AF.CurReading,4095,xsd:int
A.parameters.AF.CurValue,99.999847412109375,xsd:double
A.parameters.AF.RefTemp,25,xsd:double
A.parameters.AF.Output,0,xsd:double
A.parameters.AF.PTerm,1,xsd:double
A.parameters.AF.ITerm,0,xsd:double
A.parameters.AF.ILimit,100,xsd:double
A.parameters.AF.DTerm,0,xsd:double
A.parameters.AF.DeadBand,0,xsd:double
A.parameters.AF.NegFactor,1,xsd:double
A.parameters.AF.EvalTime,1,xsd:int
A.parameters.AF.RampOutput,false,xsd:boolean
A.parameters.AF.RampStep,5,xsd:double
A.parameters.AF.MasterChannel,0,xsd:int
A.parameters.AF.AddSetp,false,xsd:boolean
A.parameters.AF.AddLimiter,false,xsd:boolean
A.parameters.AF.AddFactor,100,xsd:double
A.parameters.AF.ExtSetp,false,xsd:boolean
A.parameters.AF.SetpLimiter,false,xsd:boolean
A.parameters.AF.CascadeKind,0,xsd:int
A.parameters.AF.SetpMax,100,xsd:double
A.parameters.AF.SetpMin,0,xsd:double
A.parameters.AF.MaxValue,100,xsd:double
A.parameters.AF.MinValue,0,xsd:double
A.parameters.AF.OutputMax,100,xsd:double
A.parameters.AF.OutputMin,0,xsd:double
A.parameters.AF.DefOutput,0,xsd:int
A.parameters.AF.InputChannel,4,xsd:int
A.parameters.AF.DigOutput,0,xsd:int
A.parameters.AF.AnaOutRange,2,xsd:int
A.parameters.AF.InvertOut,false,xsd:boolean
A.parameters.AF.DisplayPumps,0,xsd:int
A.parameters.AF.Exists,true,xsd:boolean
A.parameters.AF.UID,AF,xsd:string
A.parameters.AF.AlarmsCheck,0,xsd:int
A.parameters.AF.AlarmsRange,0,xsd:double
A.parameters.AF.ParamType,1,xsd:int
A.parameters.AF.ParamMode,0,xsd:int
A.parameters.AF.Color,-1,xsd:int
A.parameters.AF.AlarmAddDelay,3,xsd:int
A.parameters.AF.AlarmEndDelay,3,xsd:int
A.parameters.AF.Units,,xsd:string
A.parameters.AF.FID,0,xsd:int
A.parameters.AF.DigitalSensor,false,xsd:boolean
A.parameters.AF.ModbusID,0,xsd:int
A.parameters.AF.RunPumpsIFIndex,3,xsd:int
A.parameters.AF.MxValve,,xsd:string
A.parameters.AF.MxRole,1,xsd:int
A.parameters.AF.FilterWindow,8,xsd:unsignedInt
A.parameters.AF.Decimals,-1,xsd:int
A.parameters.AF.DecimalsCalc,1,xsd:unsignedInt
A.parameters.AF.Calibratable,true,xsd:boolean
A.parameters.AF.Favorite,false,xsd:boolean
A.parameters.AF.Features,0,xsd:int
A.parameters.AF.SensorError,false,xsd:boolean
A.processes.Fermentation.Running,false,xsd:boolean
A.processes.Fermentation.Enabled,true,xsd:boolean
A.processes.Fermentation.DialogActive,false,xsd:boolean
A.processes.Inoculation.Running,false,xsd:boolean
A.processes.Inoculation.Enabled,true,xsd:boolean
A.processes.Inoculation.DialogActive,false,xsd:boolean
B.parameters.pO2.Name,pO2,xsd:string
B.parameters.pO2.FeedParm,false,xsd:boolean
B.parameters.pO2.FeedPump,false,xsd:boolean
B.parameters.pO2.PHTempComp,false,xsd:boolean
B.parameters.pO2.Setpoint,30,xsd:double
B.parameters.pO2.SetpReadback,0,xsd:double
B.parameters.pO2.UpperAlarm,110,xsd:double
B.parameters.pO2.LowerAlarm,25,xsd:double
B.parameters.pO2.UpperCritical,100,xsd:double
B.parameters.pO2.LowerCritical,20,xsd:double
B.parameters.pO2.Measured,true,xsd:boolean
B.parameters.pO2.Filtered,true,xsd:boolean
B.parameters.pO2.Controlled,true,xsd:boolean
B.parameters.pO2.OutputActive,false,xsd:boolean
B.parameters.pO2.OutputMode,0,xsd:int
B.parameters.pO2.PumpValuePlus,0,xsd:double
B.parameters.pO2.PumpValueMinus,0,xsd:double
B.parameters.pO2.PumpDurationPlus,0,xsd:int
B.parameters.pO2.PumpDurationMinus,0,xsd:int
B.parameters.pO2.PumpFactorPlus,1,xsd:double
B.parameters.pO2.PumpFactorMinus,1,xsd:double
B.parameters.pO2.DoseTime,0,xsd:double
B.parameters.pO2.WaitTime,0,xsd:double
B.parameters.pO2.HiReading,19142,xsd:int
B.parameters.pO2.LowReading,356,xsd:int
B.parameters.pO2.HiRef,100,xsd:double
B.parameters.pO2.LowRef,0,xsd:double
B.parameters.pO2.Slope,0.005323112942278385162353515625,xsd:double
B.parameters.pO2.Offset,-1.89502823352813720703125,xsd:double
B.parameters.pO2.CurReading,0,xsd:int
B.parameters.pO2.CurValue,0,xsd:double
B.parameters.pO2.RefTemp,25,xsd:double
B.parameters.pO2.Output,0,xsd:double
B.parameters.pO2.PTerm,0.60000002384185791015625,xsd:double
B.parameters.pO2.ITerm,0.00200000009499490261077880859375,xsd:double
B.parameters.pO2.ILimit,100,xsd:double
B.parameters.pO2.DTerm,0.004999999888241291046142578125,xsd:double
B.parameters.pO2.DeadBand,0,xsd:double
B.parameters.pO2.NegFactor,4,xsd:double
B.parameters.pO2.EvalTime,5,xsd:int
B.parameters.pO2.RampOutput,false,xsd:boolean
B.parameters.pO2.RampStep,5,xsd:double
B.parameters.pO2.MasterChannel,0,xsd:int
B.parameters.pO2.AddSetp,false,xsd:boolean
B.parameters.pO2.AddLimiter,false,xsd:boolean
B.parameters.pO2.AddFactor,10,xsd:double
B.parameters.pO2.ExtSetp,false,xsd:boolean
B.parameters.pO2.SetpLimiter,false,xsd:boolean
B.parameters.pO2.CascadeKind,0,xsd:int
B.parameters.pO2.SetpMax,40,xsd:double
B.parameters.pO2.SetpMin,30,xsd:double
B.parameters.pO2.MaxValue,100,xsd:double
B.parameters.pO2.MinValue,0,xsd:double
B.parameters.pO2.OutputMax,100,xsd:double
B.parameters.pO2.OutputMin,-100,xsd:double
B.parameters.pO2.DefOutput,0,xsd:int
B.parameters.pO2.InputChannel,3,xsd:int
B.parameters.pO2.DigOutput,0,xsd:int
B.parameters.pO2.AnaOutRange,0,xsd:int
B.parameters.pO2.InvertOut,false,xsd:boolean
B.parameters.pO2.DisplayPumps,0,xsd:int
B.parameters.pO2.Exists,true,xsd:boolean
B.parameters.pO2.UID,pO2,xsd:string
B.parameters.pO2.AlarmsCheck,0,xsd:int
B.parameters.pO2.AlarmsRange,0,xsd:double
B.parameters.pO2.ParamType,20,xsd:int
B.parameters.pO2.ParamMode,0,xsd:int
B.parameters.pO2.Color,-1,xsd:int
B.parameters.pO2.AlarmAddDelay,3,xsd:int
B.parameters.pO2.AlarmEndDelay,3,xsd:int
B.parameters.pO2.Units,%,xsd:string
B.parameters.pO2.FID,1,xsd:int
B.parameters.pO2.DigitalSensor,false,xsd:boolean
B.parameters.pO2.ModbusID,0,xsd:int
B.parameters.pO2.RunPumpsIFIndex,0,xsd:int
B.parameters.pO2.MxValve,,xsd:string
B.parameters.pO2.MxRole,1,xsd:int
B.parameters.pO2.FilterWindow,8,xsd:unsignedInt
B.parameters.pO2.Decimals,-1,xsd:int
B.parameters.pO2.DecimalsCalc,1,xsd:unsignedInt
B.parameters.pO2.Calibratable,true,xsd:boolean
B.parameters.pO2.Favorite,false,xsd:boolean
B.parameters.pO2.Features,0,xsd:int
B.parameters.pO2.SensorError,false,xsd:boolean
B.parameters.pH.Name,pH,xsd:string
B.parameters.pH.FeedParm,false,xsd:boolean
B.parameters.pH.FeedPump,false,xsd:boolean
B.parameters.pH.PHTempComp,false,xsd:boolean
B.parameters.pH.Setpoint,7,xsd:double
B.parameters.pH.SetpReadback,0,xsd:double
B.parameters.pH.UpperAlarm,7.099999904632568359375,xsd:double
B.parameters.pH.LowerAlarm,6.599999904632568359375,xsd:double
B.parameters.pH.UpperCritical,8,xsd:double
B.parameters.pH.LowerCritical,6.900000095367431640625,xsd:double
B.parameters.pH.Measured,true,xsd:boolean
B.parameters.pH.Filtered,true,xsd:boolean
B.parameters.pH.Controlled,true,xsd:boolean
B.parameters.pH.OutputActive,false,xsd:boolean
B.parameters.pH.OutputMode,0,xsd:int
B.parameters.pH.PumpValuePlus,0,xsd:double
B.parameters.pH.PumpValueMinus,0,xsd:double
B.parameters.pH.PumpDurationPlus,0,xsd:int
B.parameters.pH.PumpDurationMinus,0,xsd:int
B.parameters.pH.PumpFactorPlus,1,xsd:double
B.parameters.pH.PumpFactorMinus,1,xsd:double
B.parameters.pH.DoseTime,0,xsd:double
B.parameters.pH.WaitTime,0,xsd:double
B.parameters.pH.HiReading,4394,xsd:int
B.parameters.pH.LowReading,4394,xsd:int
B.parameters.pH.HiRef,2,xsd:double
B.parameters.pH.LowRef,7,xsd:double
B.parameters.pH.Slope,0.00044454363523982465267181396484375,xsd:double
B.parameters.pH.Offset,5.046675205230712890625,xsd:double
B.parameters.pH.CurReading,0,xsd:int
B.parameters.pH.CurValue,0,xsd:double
B.parameters.pH.RefTemp,25,xsd:double
B.parameters.pH.Output,0,xsd:double
B.parameters.pH.PTerm,4,xsd:double
B.parameters.pH.ITerm,0,xsd:double
B.parameters.pH.ILimit,100,xsd:double
B.parameters.pH.DTerm,0,xsd:double
B.parameters.pH.DeadBand,0.0199999995529651641845703125,xsd:double
B.parameters.pH.NegFactor,1,xsd:double
B.parameters.pH.EvalTime,5,xsd:int
B.parameters.pH.RampOutput,false,xsd:boolean
B.parameters.pH.RampStep,5,xsd:double
B.parameters.pH.MasterChannel,0,xsd:int
B.parameters.pH.AddSetp,false,xsd:boolean
B.parameters.pH.AddLimiter,false,xsd:boolean
B.parameters.pH.AddFactor,10,xsd:double
B.parameters.pH.ExtSetp,false,xsd:boolean
B.parameters.pH.SetpLimiter,false,xsd:boolean
B.parameters.pH.CascadeKind,0,xsd:int
B.parameters.pH.SetpMax,12,xsd:double
B.parameters.pH.SetpMin,2,xsd:double
B.parameters.pH.MaxValue,12,xsd:double
B.parameters.pH.MinValue,2,xsd:double
B.parameters.pH.OutputMax,100,xsd:double
B.parameters.pH.OutputMin,-100,xsd:double
B.parameters.pH.DefOutput,0,xsd:int
B.parameters.pH.InputChannel,2,xsd:int
B.parameters.pH.DigOutput,0,xsd:int
B.parameters.pH.AnaOutRange,0,xsd:int
B.parameters.pH.InvertOut,false,xsd:boolean
B.parameters.pH.DisplayPumps,0,xsd:int
B.parameters.pH.Exists,true,xsd:boolean
B.parameters.pH.UID,pH,xsd:string
B.parameters.pH.AlarmsCheck,0,xsd:int
B.parameters.pH.AlarmsRange,0,xsd:double
B.parameters.pH.ParamType,18,xsd:int
B.parameters.pH.ParamMode,0,xsd:int
B.parameters.pH.Color,-1,xsd:int
B.parameters.pH.AlarmAddDelay,3,xsd:int
B.parameters.pH.AlarmEndDelay,3,xsd:int
B.parameters.pH.Units,,xsd:string
B.parameters.pH.FID,1,xsd:int
B.parameters.pH.DigitalSensor,false,xsd:boolean
B.parameters.pH.ModbusID,0,xsd:int
B.parameters.pH.RunPumpsIFIndex,258,xsd:int
B.parameters.pH.MxValve,,xsd:string
B.parameters.pH.MxRole,1,xsd:int
B.parameters.pH.FilterWindow,8,xsd:unsignedInt
B.parameters.pH.Decimals,-1,xsd:int
B.parameters.pH.DecimalsCalc,2,xsd:unsignedInt
B.parameters.pH.Calibratable,true,xsd:boolean
B.parameters.pH.Favorite,false,xsd:boolean
B.parameters.pH.Features,0,xsd:int
B.parameters.pH.SensorError,false,xsd:boolean
B.parameters.Stirrer.Name,Stirrer,xsd:string
B.parameters.Stirrer.FeedParm,false,xsd:boolean
B.parameters.Stirrer.FeedPump,false,xsd:boolean
B.parameters.Stirrer.PHTempComp,false,xsd:boolean
B.parameters.Stirrer.Setpoint,0,xsd:double
B.parameters.Stirrer.SetpReadback,0,xsd:double
B.parameters.Stirrer.UpperAlarm,1000,xsd:double
B.parameters.Stirrer.LowerAlarm,0,xsd:double
B.parameters.Stirrer.UpperCritical,1000,xsd:double
B.parameters.Stirrer.LowerCritical,0,xsd:double
B.parameters.Stirrer.Measured,true,xsd:boolean
B.parameters.Stirrer.Filtered,true,xsd:boolean
B.parameters.Stirrer.Controlled,true,xsd:boolean
B.parameters.Stirrer.OutputActive,false,xsd:boolean
B.parameters.Stirrer.OutputMode,0,xsd:int
B.parameters.Stirrer.PumpValuePlus,0,xsd:double
B.parameters.Stirrer.PumpValueMinus,0,xsd:double
B.parameters.Stirrer.PumpDurationPlus,0,xsd:int
B.parameters.Stirrer.PumpDurationMinus,0,xsd:int
B.parameters.Stirrer.PumpFactorPlus,1,xsd:double
B.parameters.Stirrer.PumpFactorMinus,1,xsd:double
B.parameters.Stirrer.DoseTime,0,xsd:double
B.parameters.Stirrer.WaitTime,0,xsd:double
B.parameters.Stirrer.HiReading,1539,xsd:int
B.parameters.Stirrer.LowReading,0,xsd:int
B.parameters.Stirrer.HiRef,1536,xsd:double
B.parameters.Stirrer.LowRef,0,xsd:double
B.parameters.Stirrer.Slope,0.998050689697265625,xsd:double
B.parameters.Stirrer.Offset,0,xsd:double
B.parameters.Stirrer.CurReading,0,xsd:int
B.parameters.Stirrer.CurValue,0,xsd:double
B.parameters.Stirrer.RefTemp,25,xsd:double
B.parameters.Stirrer.Output,0,xsd:double
B.parameters.Stirrer.PTerm,0.5,xsd:double
B.parameters.Stirrer.ITerm,0.20000000298023223876953125,xsd:double
B.parameters.Stirrer.ILimit,5,xsd:double
B.parameters.Stirrer.DTerm,0,xsd:double
B.parameters.Stirrer.DeadBand,0,xsd:double
B.parameters.Stirrer.NegFactor,1,xsd:double
B.parameters.Stirrer.EvalTime,2,xsd:int
B.parameters.Stirrer.RampOutput,true,xsd:boolean
B.parameters.Stirrer.RampStep,5,xsd:double
B.parameters.Stirrer.MasterChannel,0,xsd:int
B.parameters.Stirrer.AddSetp,false,xsd:boolean
B.parameters.Stirrer.AddLimiter,false,xsd:boolean
B.parameters.Stirrer.AddFactor,700,xsd:double
B.parameters.Stirrer.ExtSetp,false,xsd:boolean
B.parameters.Stirrer.SetpLimiter,false,xsd:boolean
B.parameters.Stirrer.CascadeKind,0,xsd:int
B.parameters.Stirrer.SetpMax,1200,xsd:double
B.parameters.Stirrer.SetpMin,200,xsd:double
B.parameters.Stirrer.MaxValue,1500,xsd:double
B.parameters.Stirrer.MinValue,0,xsd:double
B.parameters.Stirrer.OutputMax,100,xsd:double
B.parameters.Stirrer.OutputMin,0,xsd:double
B.parameters.Stirrer.DefOutput,0,xsd:int
B.parameters.Stirrer.InputChannel,1,xsd:int
B.parameters.Stirrer.DigOutput,2,xsd:int
B.parameters.Stirrer.AnaOutRange,2,xsd:int
B.parameters.Stirrer.InvertOut,false,xsd:boolean
B.parameters.Stirrer.DisplayPumps,0,xsd:int
B.parameters.Stirrer.Exists,true,xsd:boolean
B.parameters.Stirrer.UID,Stirrer,xsd:string
B.parameters.Stirrer.AlarmsCheck,0,xsd:int
B.parameters.Stirrer.AlarmsRange,0,xsd:double
B.parameters.Stirrer.ParamType,26,xsd:int
B.parameters.Stirrer.ParamMode,0,xsd:int
B.parameters.Stirrer.Color,-1,xsd:int
B.parameters.Stirrer.AlarmAddDelay,3,xsd:int
B.parameters.Stirrer.AlarmEndDelay,3,xsd:int
B.parameters.Stirrer.Units,1/min,xsd:string
B.parameters.Stirrer.FID,1,xsd:int
B.parameters.Stirrer.DigitalSensor,false,xsd:boolean
B.parameters.Stirrer.ModbusID,0,xsd:int
B.parameters.Stirrer.RunPumpsIFIndex,0,xsd:int
B.parameters.Stirrer.MxValve,,xsd:string
B.parameters.Stirrer.MxRole,1,xsd:int
B.parameters.Stirrer.FilterWindow,8,xsd:unsignedInt
B.parameters.Stirrer.Decimals,-1,xsd:int
B.parameters.Stirrer.DecimalsCalc,0,xsd:unsignedInt
B.parameters.Stirrer.Calibratable,true,xsd:boolean
B.parameters.Stirrer.Favorite,false,xsd:boolean
B.parameters.Stirrer.Features,0,xsd:int
B.parameters.Stirrer.SensorError,false,xsd:boolean
B.parameters.Temp.Name,Temp,xsd:string
B.parameters.Temp.FeedParm,false,xsd:boolean
B.parameters.Temp.FeedPump,false,xsd:boolean
B.parameters.Temp.PHTempComp,false,xsd:boolean
B.parameters.Temp.Setpoint,30,xsd:double
B.parameters.Temp.SetpReadback,0,xsd:double
B.parameters.Temp.UpperAlarm,33,xsd:double
B.parameters.Temp.LowerAlarm,28,xsd:double
B.parameters.Temp.UpperCritical,33,xsd:double
B.parameters.Temp.LowerCritical,27,xsd:double
B.parameters.Temp.Measured,true,xsd:boolean
B.parameters.Temp.Filtered,true,xsd:boolean
B.parameters.Temp.Controlled,true,xsd:boolean
B.parameters.Temp.OutputActive,false,xsd:boolean
B.parameters.Temp.OutputMode,0,xsd:int
B.parameters.Temp.PumpValuePlus,0,xsd:double
B.parameters.Temp.PumpValueMinus,0,xsd:double
B.parameters.Temp.PumpDurationPlus,0,xsd:int
B.parameters.Temp.PumpDurationMinus,0,xsd:int
B.parameters.Temp.PumpFactorPlus,1,xsd:double
B.parameters.Temp.PumpFactorMinus,1,xsd:double
B.parameters.Temp.DoseTime,0,xsd:double
B.parameters.Temp.WaitTime,0,xsd:double
B.parameters.Temp.HiReading,5814,xsd:int
B.parameters.Temp.LowReading,3571,xsd:int
B.parameters.Temp.HiRef,60,xsd:double
B.parameters.Temp.LowRef,37,xsd:double
B.parameters.Temp.Slope,0.01025412417948246002197265625,xsd:double
B.parameters.Temp.Offset,0.3825225830078125,xsd:double
B.parameters.Temp.CurReading,0,xsd:int
B.parameters.Temp.CurValue,0,xsd:double
B.parameters.Temp.RefTemp,25,xsd:double
B.parameters.Temp.Output,0,xsd:double
B.parameters.Temp.PTerm,30,xsd:double
B.parameters.Temp.ITerm,0.00200000009499490261077880859375,xsd:double
B.parameters.Temp.ILimit,30,xsd:double
B.parameters.Temp.DTerm,0.20000000298023223876953125,xsd:double
B.parameters.Temp.DeadBand,0,xsd:double
B.parameters.Temp.NegFactor,0.5,xsd:double
B.parameters.Temp.EvalTime,20,xsd:int
B.parameters.Temp.RampOutput,false,xsd:boolean
B.parameters.Temp.RampStep,5,xsd:double
B.parameters.Temp.MasterChannel,0,xsd:int
B.parameters.Temp.AddSetp,false,xsd:boolean
B.parameters.Temp.AddLimiter,false,xsd:boolean
B.parameters.Temp.AddFactor,70,xsd:double
B.parameters.Temp.ExtSetp,false,xsd:boolean
B.parameters.Temp.SetpLimiter,false,xsd:boolean
B.parameters.Temp.CascadeKind,0,xsd:int
B.parameters.Temp.SetpMax,70,xsd:double
B.parameters.Temp.SetpMin,0,xsd:double
B.parameters.Temp.MaxValue,70,xsd:double
B.parameters.Temp.MinValue,0,xsd:double
B.parameters.Temp.OutputMax,100,xsd:double
B.parameters.Temp.OutputMin,-100,xsd:double
B.parameters.Temp.DefOutput,0,xsd:int
B.parameters.Temp.InputChannel,0,xsd:int
B.parameters.Temp.DigOutput,0,xsd:int
B.parameters.Temp.AnaOutRange,0,xsd:int
B.parameters.Temp.InvertOut,false,xsd:boolean
B.parameters.Temp.DisplayPumps,0,xsd:int
B.parameters.Temp.Exists,true,xsd:boolean
B.parameters.Temp.UID,Temp,xsd:string
B.parameters.Temp.AlarmsCheck,0,xsd:int
B.parameters.Temp.AlarmsRange,0,xsd:double
B.parameters.Temp.ParamType,27,xsd:int
B.parameters.Temp.ParamMode,0,xsd:int
B.parameters.Temp.Color,-5000,xsd:int
B.parameters.Temp.AlarmAddDelay,3,xsd:int
B.parameters.Temp.AlarmEndDelay,3,xsd:int
B.parameters.Temp.Units,°C,xsd:string
B.parameters.Temp.FID,1,xsd:int
B.parameters.Temp.DigitalSensor,false,xsd:boolean
B.parameters.Temp.ModbusID,0,xsd:int
B.parameters.Temp.RunPumpsIFIndex,0,xsd:int
B.parameters.Temp.MxValve,,xsd:string
B.parameters.Temp.MxRole,1,xsd:int
B.parameters.Temp.FilterWindow,8,xsd:unsignedInt
B.parameters.Temp.Decimals,-1,xsd:int
B.parameters.Temp.DecimalsCalc,1,xsd:unsignedInt
B.parameters.Temp.Calibratable,true,xsd:boolean
B.parameters.Temp.Favorite,false,xsd:boolean
B.parameters.Temp.Features,0,xsd:int
B.parameters.Temp.SensorError,false,xsd:boolean
B.parameters.OD.Name,OD,xsd:string
B.parameters.OD.FeedParm,false,xsd:boolean
B.parameters.OD.FeedPump,false,xsd:boolean
B.parameters.OD.PHTempComp,false,xsd:boolean
B.parameters.OD.Setpoint,0,xsd:double
B.parameters.OD.SetpReadback,0,xsd:double
B.parameters.OD.UpperAlarm,4,xsd:double
B.parameters.OD.LowerAlarm,0,xsd:double
B.parameters.OD.UpperCritical,4,xsd:double
B.parameters.OD.LowerCritical,0,xsd:double
B.parameters.OD.Measured,true,xsd:boolean
B.parameters.OD.Filtered,true,xsd:boolean
B.parameters.OD.Controlled,false,xsd:boolean
B.parameters.OD.OutputActive,false,xsd:boolean
B.parameters.OD.OutputMode,0,xsd:int
B.parameters.OD.PumpValuePlus,0,xsd:double
B.parameters.OD.PumpValueMinus,0,xsd:double
B.parameters.OD.PumpDurationPlus,0,xsd:int
B.parameters.OD.PumpDurationMinus,0,xsd:int
B.parameters.OD.PumpFactorPlus,1,xsd:double
B.parameters.OD.PumpFactorMinus,1,xsd:double
B.parameters.OD.DoseTime,0,xsd:double
B.parameters.OD.WaitTime,0,xsd:double
B.parameters.OD.HiReading,3771,xsd:int
B.parameters.OD.LowReading,756,xsd:int
B.parameters.OD.HiRef,6,xsd:double
B.parameters.OD.LowRef,0,xsd:double
B.parameters.OD.Slope,0.00199004984460771083831787109375,xsd:double
B.parameters.OD.Offset,-1.5044777393341064453125,xsd:double
B.parameters.OD.CurReading,0,xsd:int
B.parameters.OD.CurValue,0,xsd:double
B.parameters.OD.RefTemp,25,xsd:double
B.parameters.OD.Output,0,xsd:double
B.parameters.OD.PTerm,1,xsd:double
B.parameters.OD.ITerm,0,xsd:double
B.parameters.OD.ILimit,100,xsd:double
B.parameters.OD.DTerm,0,xsd:double
B.parameters.OD.DeadBand,0,xsd:double
B.parameters.OD.NegFactor,1,xsd:double
B.parameters.OD.EvalTime,10,xsd:int
B.parameters.OD.RampOutput,false,xsd:boolean
B.parameters.OD.RampStep,5,xsd:double
B.parameters.OD.MasterChannel,0,xsd:int
B.parameters.OD.AddSetp,false,xsd:boolean
B.parameters.OD.AddLimiter,false,xsd:boolean
B.parameters.OD.AddFactor,0,xsd:double
B.parameters.OD.ExtSetp,false,xsd:boolean
B.parameters.OD.SetpLimiter,false,xsd:boolean
B.parameters.OD.CascadeKind,0,xsd:int
B.parameters.OD.SetpMax,4,xsd:double
B.parameters.OD.SetpMin,0,xsd:double
B.parameters.OD.MaxValue,4,xsd:double
B.parameters.OD.MinValue,0,xsd:double
B.parameters.OD.OutputMax,100,xsd:double
B.parameters.OD.OutputMin,0,xsd:double
B.parameters.OD.DefOutput,0,xsd:int
B.parameters.OD.InputChannel,18,xsd:int
B.parameters.OD.DigOutput,0,xsd:int
B.parameters.OD.AnaOutRange,2,xsd:int
B.parameters.OD.InvertOut,false,xsd:boolean
B.parameters.OD.DisplayPumps,0,xsd:int
B.parameters.OD.Exists,true,xsd:boolean
B.parameters.OD.UID,OD,xsd:string
B.parameters.OD.AlarmsCheck,0,xsd:int
B.parameters.OD.AlarmsRange,0,xsd:double
B.parameters.OD.ParamType,30,xsd:int
B.parameters.OD.ParamMode,1,xsd:int
B.parameters.OD.Color,-1,xsd:int
B.parameters.OD.AlarmAddDelay,3,xsd:int
B.parameters.OD.AlarmEndDelay,3,xsd:int
B.parameters.OD.Units,CU,xsd:string
B.parameters.OD.FID,1,xsd:int
B.parameters.OD.DigitalSensor,false,xsd:boolean
B.parameters.OD.ModbusID,0,xsd:int
B.parameters.OD.RunPumpsIFIndex,0,xsd:int
B.parameters.OD.MxValve,,xsd:string
B.parameters.OD.MxRole,1,xsd:int
B.parameters.OD.FilterWindow,8,xsd:unsignedInt
B.parameters.OD.Decimals,-1,xsd:int
B.parameters.OD.DecimalsCalc,2,xsd:unsignedInt
B.parameters.OD.Calibratable,true,xsd:boolean
B.parameters.OD.Favorite,false,xsd:boolean
B.parameters.OD.Features,0,xsd:int
B.parameters.OD.SensorError,false,xsd:boolean
B.parameters.ExitCO2.Name,Exit CO₂,xsd:string
B.parameters.ExitCO2.FeedParm,false,xsd:boolean
B.parameters.ExitCO2.FeedPump,false,xsd:boolean
B.parameters.ExitCO2.PHTempComp,false,xsd:boolean
B.parameters.ExitCO2.Setpoint,0,xsd:double
B.parameters.ExitCO2.SetpReadback,0,xsd:double
B.parameters.ExitCO2.UpperAlarm,25,xsd:double
B.parameters.ExitCO2.LowerAlarm,0,xsd:double
B.parameters.ExitCO2.UpperCritical,25,xsd:double
B.parameters.ExitCO2.LowerCritical,0,xsd:double
B.parameters.ExitCO2.Measured,true,xsd:boolean
B.parameters.ExitCO2.Filtered,true,xsd:boolean
B.parameters.ExitCO2.Controlled,false,xsd:boolean
B.parameters.ExitCO2.OutputActive,false,xsd:boolean
B.parameters.ExitCO2.OutputMode,0,xsd:int
B.parameters.ExitCO2.PumpValuePlus,0,xsd:double
B.parameters.ExitCO2.PumpValueMinus,0,xsd:double
B.parameters.ExitCO2.PumpDurationPlus,0,xsd:int
B.parameters.ExitCO2.PumpDurationMinus,0,xsd:int
B.parameters.ExitCO2.PumpFactorPlus,1,xsd:double
B.parameters.ExitCO2.PumpFactorMinus,1,xsd:double
B.parameters.ExitCO2.DoseTime,0,xsd:double
B.parameters.ExitCO2.WaitTime,0,xsd:double
B.parameters.ExitCO2.HiReading,3768,xsd:int
B.parameters.ExitCO2.LowReading,756,xsd:int
B.parameters.ExitCO2.HiRef,10,xsd:double
B.parameters.ExitCO2.LowRef,0,xsd:double
B.parameters.ExitCO2.Slope,0.00332005321979522705078125,xsd:double
B.parameters.ExitCO2.Offset,-2.509960174560546875,xsd:double
B.parameters.ExitCO2.CurReading,0,xsd:int
B.parameters.ExitCO2.CurValue,-0.999999344348907470703125,xsd:double
B.parameters.ExitCO2.RefTemp,25,xsd:double
B.parameters.ExitCO2.Output,0,xsd:double
B.parameters.ExitCO2.PTerm,1,xsd:double
B.parameters.ExitCO2.ITerm,0.010000000707805156707763671875,xsd:double
B.parameters.ExitCO2.ILimit,100,xsd:double
B.parameters.ExitCO2.DTerm,0,xsd:double
B.parameters.ExitCO2.DeadBand,0,xsd:double
B.parameters.ExitCO2.NegFactor,1,xsd:double
B.parameters.ExitCO2.EvalTime,10,xsd:int
B.parameters.ExitCO2.RampOutput,false,xsd:boolean
B.parameters.ExitCO2.RampStep,5,xsd:double
B.parameters.ExitCO2.MasterChannel,0,xsd:int
B.parameters.ExitCO2.AddSetp,false,xsd:boolean
B.parameters.ExitCO2.AddLimiter,false,xsd:boolean
B.parameters.ExitCO2.AddFactor,10,xsd:double
B.parameters.ExitCO2.ExtSetp,false,xsd:boolean
B.parameters.ExitCO2.SetpLimiter,false,xsd:boolean
B.parameters.ExitCO2.CascadeKind,0,xsd:int
B.parameters.ExitCO2.SetpMax,25,xsd:double
B.parameters.ExitCO2.SetpMin,0,xsd:double
B.parameters.ExitCO2.MaxValue,25,xsd:double
B.parameters.ExitCO2.MinValue,0,xsd:double
B.parameters.ExitCO2.OutputMax,100,xsd:double
B.parameters.ExitCO2.OutputMin,-100,xsd:double
B.parameters.ExitCO2.DefOutput,0,xsd:int
B.parameters.ExitCO2.InputChannel,16,xsd:int
B.parameters.ExitCO2.DigOutput,0,xsd:int
B.parameters.ExitCO2.AnaOutRange,0,xsd:int
B.parameters.ExitCO2.InvertOut,false,xsd:boolean
B.parameters.ExitCO2.DisplayPumps,0,xsd:int
B.parameters.ExitCO2.Exists,true,xsd:boolean
B.parameters.ExitCO2.UID,ExitCO2,xsd:string
B.parameters.ExitCO2.AlarmsCheck,0,xsd:int
B.parameters.ExitCO2.AlarmsRange,0,xsd:double
B.parameters.ExitCO2.ParamType,4,xsd:int
B.parameters.ExitCO2.ParamMode,1,xsd:int
B.parameters.ExitCO2.Color,-1,xsd:int
B.parameters.ExitCO2.AlarmAddDelay,3,xsd:int
B.parameters.ExitCO2.AlarmEndDelay,3,xsd:int
B.parameters.ExitCO2.Units,%,xsd:string
B.parameters.ExitCO2.FID,1,xsd:int
B.parameters.ExitCO2.DigitalSensor,false,xsd:boolean
B.parameters.ExitCO2.ModbusID,0,xsd:int
B.parameters.ExitCO2.RunPumpsIFIndex,0,xsd:int
B.parameters.ExitCO2.MxValve,DO_D,xsd:string
B.parameters.ExitCO2.MxRole,1,xsd:int
B.parameters.ExitCO2.FilterWindow,8,xsd:unsignedInt
B.parameters.ExitCO2.Decimals,-1,xsd:int
B.parameters.ExitCO2.DecimalsCalc,2,xsd:unsignedInt
B.parameters.ExitCO2.Calibratable,false,xsd:boolean
B.parameters.ExitCO2.Favorite,false,xsd:boolean
B.parameters.ExitCO2.Features,0,xsd:int
B.parameters.ExitCO2.SensorError,false,xsd:boolean
B.parameters.ExitO2.Name,Exit O₂,xsd:string
B.parameters.ExitO2.FeedParm,false,xsd:boolean
B.parameters.ExitO2.FeedPump,false,xsd:boolean
B.parameters.ExitO2.PHTempComp,false,xsd:boolean
B.parameters.ExitO2.Setpoint,0,xsd:double
B.parameters.ExitO2.SetpReadback,0,xsd:double
B.parameters.ExitO2.UpperAlarm,50,xsd:double
B.parameters.ExitO2.LowerAlarm,0,xsd:double
B.parameters.ExitO2.UpperCritical,50,xsd:double
B.parameters.ExitO2.LowerCritical,0,xsd:double
B.parameters.ExitO2.Measured,true,xsd:boolean
B.parameters.ExitO2.Filtered,true,xsd:boolean
B.parameters.ExitO2.Controlled,false,xsd:boolean
B.parameters.ExitO2.OutputActive,false,xsd:boolean
B.parameters.ExitO2.OutputMode,0,xsd:int
B.parameters.ExitO2.PumpValuePlus,0,xsd:double
B.parameters.ExitO2.PumpValueMinus,0,xsd:double
B.parameters.ExitO2.PumpDurationPlus,0,xsd:int
B.parameters.ExitO2.PumpDurationMinus,0,xsd:int
B.parameters.ExitO2.PumpFactorPlus,1,xsd:double
B.parameters.ExitO2.PumpFactorMinus,1,xsd:double
B.parameters.ExitO2.DoseTime,0,xsd:double
B.parameters.ExitO2.WaitTime,0,xsd:double
B.parameters.ExitO2.HiReading,3779,xsd:int
B.parameters.ExitO2.LowReading,759,xsd:int
B.parameters.ExitO2.HiRef,25,xsd:double
B.parameters.ExitO2.LowRef,0,xsd:double
B.parameters.ExitO2.Slope,0.008278145454823970794677734375,xsd:double
B.parameters.ExitO2.Offset,-6.28311252593994140625,xsd:double
B.parameters.ExitO2.CurReading,0,xsd:int
B.parameters.ExitO2.CurValue,-0.999999344348907470703125,xsd:double
B.parameters.ExitO2.RefTemp,25,xsd:double
B.parameters.ExitO2.Output,0,xsd:double
B.parameters.ExitO2.PTerm,1,xsd:double
B.parameters.ExitO2.ITerm,0.010000000707805156707763671875,xsd:double
B.parameters.ExitO2.ILimit,100,xsd:double
B.parameters.ExitO2.DTerm,0,xsd:double
B.parameters.ExitO2.DeadBand,0,xsd:double
B.parameters.ExitO2.NegFactor,1,xsd:double
B.parameters.ExitO2.EvalTime,10,xsd:int
B.parameters.ExitO2.RampOutput,false,xsd:boolean
B.parameters.ExitO2.RampStep,5,xsd:double
B.parameters.ExitO2.MasterChannel,0,xsd:int
B.parameters.ExitO2.AddSetp,false,xsd:boolean
B.parameters.ExitO2.AddLimiter,false,xsd:boolean
B.parameters.ExitO2.AddFactor,25,xsd:double
B.parameters.ExitO2.ExtSetp,false,xsd:boolean
B.parameters.ExitO2.SetpLimiter,false,xsd:boolean
B.parameters.ExitO2.CascadeKind,0,xsd:int
B.parameters.ExitO2.SetpMax,50,xsd:double
B.parameters.ExitO2.SetpMin,0,xsd:double
B.parameters.ExitO2.MaxValue,50,xsd:double
B.parameters.ExitO2.MinValue,0,xsd:double
B.parameters.ExitO2.OutputMax,100,xsd:double
B.parameters.ExitO2.OutputMin,-100,xsd:double
B.parameters.ExitO2.DefOutput,0,xsd:int
B.parameters.ExitO2.InputChannel,15,xsd:int
B.parameters.ExitO2.DigOutput,0,xsd:int
B.parameters.ExitO2.AnaOutRange,0,xsd:int
B.parameters.ExitO2.InvertOut,false,xsd:boolean
B.parameters.ExitO2.DisplayPumps,0,xsd:int
B.parameters.ExitO2.Exists,true,xsd:boolean
B.parameters.ExitO2.UID,ExitO2,xsd:string
B.parameters.ExitO2.AlarmsCheck,0,xsd:int
B.parameters.ExitO2.AlarmsRange,0,xsd:double
B.parameters.ExitO2.ParamType,5,xsd:int
B.parameters.ExitO2.ParamMode,1,xsd:int
B.parameters.ExitO2.Color,-1,xsd:int
B.parameters.ExitO2.AlarmAddDelay,3,xsd:int
B.parameters.ExitO2.AlarmEndDelay,3,xsd:int
B.parameters.ExitO2.Units,%,xsd:string
B.parameters.ExitO2.FID,1,xsd:int
B.parameters.ExitO2.DigitalSensor,false,xsd:boolean
B.parameters.ExitO2.ModbusID,0,xsd:int
B.parameters.ExitO2.RunPumpsIFIndex,0,xsd:int
B.parameters.ExitO2.MxValve,DO_D,xsd:string
B.parameters.ExitO2.MxRole,1,xsd:int
B.parameters.ExitO2.FilterWindow,8,xsd:unsignedInt
B.parameters.ExitO2.Decimals,-1,xsd:int
B.parameters.ExitO2.DecimalsCalc,1,xsd:unsignedInt
B.parameters.ExitO2.Calibratable,false,xsd:boolean
B.parameters.ExitO2.Favorite,false,xsd:boolean
B.parameters.ExitO2.Features,0,xsd:int
B.parameters.ExitO2.SensorError,false,xsd:boolean
B.parameters.O2Flow.Name,O₂ Flow,xsd:string
B.parameters.O2Flow.FeedParm,false,xsd:boolean
B.parameters.O2Flow.FeedPump,false,xsd:boolean
B.parameters.O2Flow.PHTempComp,true,xsd:boolean
B.parameters.O2Flow.Setpoint,0,xsd:double
B.parameters.O2Flow.SetpReadback,0,xsd:double
B.parameters.O2Flow.UpperAlarm,5,xsd:double
B.parameters.O2Flow.LowerAlarm,0,xsd:double
B.parameters.O2Flow.UpperCritical,5,xsd:double
B.parameters.O2Flow.LowerCritical,0,xsd:double
B.parameters.O2Flow.Measured,true,xsd:boolean
B.parameters.O2Flow.Filtered,true,xsd:boolean
B.parameters.O2Flow.Controlled,true,xsd:boolean
B.parameters.O2Flow.OutputActive,false,xsd:boolean
B.parameters.O2Flow.OutputMode,0,xsd:int
B.parameters.O2Flow.PumpValuePlus,0,xsd:double
B.parameters.O2Flow.PumpValueMinus,0,xsd:double
B.parameters.O2Flow.PumpDurationPlus,0,xsd:int
B.parameters.O2Flow.PumpDurationMinus,0,xsd:int
B.parameters.O2Flow.PumpFactorPlus,1,xsd:double
B.parameters.O2Flow.PumpFactorMinus,1,xsd:double
B.parameters.O2Flow.DoseTime,0,xsd:double
B.parameters.O2Flow.WaitTime,0,xsd:double
B.parameters.O2Flow.HiReading,4095,xsd:int
B.parameters.O2Flow.LowReading,0,xsd:int
B.parameters.O2Flow.HiRef,100,xsd:double
B.parameters.O2Flow.LowRef,0,xsd:double
B.parameters.O2Flow.Slope,0.02442002482712268829345703125,xsd:double
B.parameters.O2Flow.Offset,0,xsd:double
B.parameters.O2Flow.CurReading,0,xsd:int
B.parameters.O2Flow.CurValue,0,xsd:double
B.parameters.O2Flow.RefTemp,25,xsd:double
B.parameters.O2Flow.Output,0,xsd:double
B.parameters.O2Flow.PTerm,0.20000000298023223876953125,xsd:double
B.parameters.O2Flow.ITerm,0,xsd:double
B.parameters.O2Flow.ILimit,100,xsd:double
B.parameters.O2Flow.DTerm,0,xsd:double
B.parameters.O2Flow.DeadBand,0,xsd:double
B.parameters.O2Flow.NegFactor,1,xsd:double
B.parameters.O2Flow.EvalTime,1,xsd:int
B.parameters.O2Flow.RampOutput,false,xsd:boolean
B.parameters.O2Flow.RampStep,5,xsd:double
B.parameters.O2Flow.MasterChannel,9,xsd:int
B.parameters.O2Flow.AddSetp,false,xsd:boolean
B.parameters.O2Flow.AddLimiter,false,xsd:boolean
B.parameters.O2Flow.AddFactor,5,xsd:double
B.parameters.O2Flow.ExtSetp,false,xsd:boolean
B.parameters.O2Flow.SetpLimiter,false,xsd:boolean
B.parameters.O2Flow.CascadeKind,0,xsd:int
B.parameters.O2Flow.SetpMax,5,xsd:double
B.parameters.O2Flow.SetpMin,0,xsd:double
B.parameters.O2Flow.MaxValue,5,xsd:double
B.parameters.O2Flow.MinValue,0,xsd:double
B.parameters.O2Flow.OutputMax,100,xsd:double
B.parameters.O2Flow.OutputMin,0,xsd:double
B.parameters.O2Flow.DefOutput,0,xsd:int
B.parameters.O2Flow.InputChannel,13,xsd:int
B.parameters.O2Flow.DigOutput,0,xsd:int
B.parameters.O2Flow.AnaOutRange,2,xsd:int
B.parameters.O2Flow.InvertOut,false,xsd:boolean
B.parameters.O2Flow.DisplayPumps,0,xsd:int
B.parameters.O2Flow.Exists,true,xsd:boolean
B.parameters.O2Flow.UID,O2Flow,xsd:string
B.parameters.O2Flow.AlarmsCheck,0,xsd:int
B.parameters.O2Flow.AlarmsRange,0,xsd:double
B.parameters.O2Flow.ParamType,10,xsd:int
B.parameters.O2Flow.ParamMode,0,xsd:int
B.parameters.O2Flow.Color,-1,xsd:int
B.parameters.O2Flow.AlarmAddDelay,3,xsd:int
B.parameters.O2Flow.AlarmEndDelay,3,xsd:int
B.parameters.O2Flow.Units,L/min,xsd:string
B.parameters.O2Flow.FID,1,xsd:int
B.parameters.O2Flow.DigitalSensor,false,xsd:boolean
B.parameters.O2Flow.ModbusID,0,xsd:int
B.parameters.O2Flow.RunPumpsIFIndex,0,xsd:int
B.parameters.O2Flow.MxValve,,xsd:string
B.parameters.O2Flow.MxRole,1,xsd:int
B.parameters.O2Flow.FilterWindow,8,xsd:unsignedInt
B.parameters.O2Flow.Decimals,-1,xsd:int
B.parameters.O2Flow.DecimalsCalc,2,xsd:unsignedInt
B.parameters.O2Flow.Calibratable,false,xsd:boolean
B.parameters.O2Flow.Favorite,false,xsd:boolean
B.parameters.O2Flow.Features,0,xsd:int
B.parameters.O2Flow.SensorError,false,xsd:boolean
B.parameters.N2Flow.Name,N₂ Flow,xsd:string
B.parameters.N2Flow.FeedParm,false,xsd:boolean
B.parameters.N2Flow.FeedPump,false,xsd:boolean
B.parameters.N2Flow.PHTempComp,false,xsd:boolean
B.parameters.N2Flow.Setpoint,0,xsd:double
B.parameters.N2Flow.SetpReadback,0,xsd:double
B.parameters.N2Flow.UpperAlarm,5,xsd:double
B.parameters.N2Flow.LowerAlarm,0,xsd:double
B.parameters.N2Flow.UpperCritical,5,xsd:double
B.parameters.N2Flow.LowerCritical,0,xsd:double
B.parameters.N2Flow.Measured,true,xsd:boolean
B.parameters.N2Flow.Filtered,true,xsd:boolean
B.parameters.N2Flow.Controlled,false,xsd:boolean
B.parameters.N2Flow.OutputActive,false,xsd:boolean
B.parameters.N2Flow.OutputMode,0,xsd:int
B.parameters.N2Flow.PumpValuePlus,0,xsd:double
B.parameters.N2Flow.PumpValueMinus,0,xsd:double
B.parameters.N2Flow.PumpDurationPlus,0,xsd:int
B.parameters.N2Flow.PumpDurationMinus,0,xsd:int
B.parameters.N2Flow.PumpFactorPlus,1,xsd:double
B.parameters.N2Flow.PumpFactorMinus,1,xsd:double
B.parameters.N2Flow.DoseTime,0,xsd:double
B.parameters.N2Flow.WaitTime,0,xsd:double
B.parameters.N2Flow.HiReading,4095,xsd:int
B.parameters.N2Flow.LowReading,0,xsd:int
B.parameters.N2Flow.HiRef,100,xsd:double
B.parameters.N2Flow.LowRef,25,xsd:double
B.parameters.N2Flow.Slope,0.02442002482712268829345703125,xsd:double
B.parameters.N2Flow.Offset,0,xsd:double
B.parameters.N2Flow.CurReading,0,xsd:int
B.parameters.N2Flow.CurValue,0,xsd:double
B.parameters.N2Flow.RefTemp,123.339996337890625,xsd:double
B.parameters.N2Flow.Output,0,xsd:double
B.parameters.N2Flow.PTerm,1,xsd:double
B.parameters.N2Flow.ITerm,0,xsd:double
B.parameters.N2Flow.ILimit,100,xsd:double
B.parameters.N2Flow.DTerm,0,xsd:double
B.parameters.N2Flow.DeadBand,0,xsd:double
B.parameters.N2Flow.NegFactor,1,xsd:double
B.parameters.N2Flow.EvalTime,1,xsd:int
B.parameters.N2Flow.RampOutput,false,xsd:boolean
B.parameters.N2Flow.RampStep,5,xsd:double
B.parameters.N2Flow.MasterChannel,10,xsd:int
B.parameters.N2Flow.AddSetp,false,xsd:boolean
B.parameters.N2Flow.AddLimiter,false,xsd:boolean
B.parameters.N2Flow.AddFactor,5,xsd:double
B.parameters.N2Flow.ExtSetp,false,xsd:boolean
B.parameters.N2Flow.SetpLimiter,false,xsd:boolean
B.parameters.N2Flow.CascadeKind,0,xsd:int
B.parameters.N2Flow.SetpMax,5,xsd:double
B.parameters.N2Flow.SetpMin,0,xsd:double
B.parameters.N2Flow.MaxValue,5,xsd:double
B.parameters.N2Flow.MinValue,0,xsd:double
B.parameters.N2Flow.OutputMax,100,xsd:double
B.parameters.N2Flow.OutputMin,0,xsd:double
B.parameters.N2Flow.DefOutput,0,xsd:int
B.parameters.N2Flow.InputChannel,12,xsd:int
B.parameters.N2Flow.DigOutput,0,xsd:int
B.parameters.N2Flow.AnaOutRange,2,xsd:int
B.parameters.N2Flow.InvertOut,false,xsd:boolean
B.parameters.N2Flow.DisplayPumps,0,xsd:int
B.parameters.N2Flow.Exists,true,xsd:boolean
B.parameters.N2Flow.UID,N2Flow,xsd:string
B.parameters.N2Flow.AlarmsCheck,0,xsd:int
B.parameters.N2Flow.AlarmsRange,0,xsd:double
B.parameters.N2Flow.ParamType,9,xsd:int
B.parameters.N2Flow.ParamMode,0,xsd:int
B.parameters.N2Flow.Color,-1,xsd:int
B.parameters.N2Flow.AlarmAddDelay,3,xsd:int
B.parameters.N2Flow.AlarmEndDelay,3,xsd:int
B.parameters.N2Flow.Units,L/min,xsd:string
B.parameters.N2Flow.FID,1,xsd:int
B.parameters.N2Flow.DigitalSensor,false,xsd:boolean
B.parameters.N2Flow.ModbusID,0,xsd:int
B.parameters.N2Flow.RunPumpsIFIndex,0,xsd:int
B.parameters.N2Flow.MxValve,,xsd:string
B.parameters.N2Flow.MxRole,1,xsd:int
B.parameters.N2Flow.FilterWindow,8,xsd:unsignedInt
B.parameters.N2Flow.Decimals,-1,xsd:int
B.parameters.N2Flow.DecimalsCalc,2,xsd:unsignedInt
B.parameters.N2Flow.Calibratable,false,xsd:boolean
B.parameters.N2Flow.Favorite,false,xsd:boolean
B.parameters.N2Flow.Features,0,xsd:int
B.parameters.N2Flow.SensorError,false,xsd:boolean
B.parameters.Flow.Name,Air Flow,xsd:string
B.parameters.Flow.FeedParm,false,xsd:boolean
B.parameters.Flow.FeedPump,false,xsd:boolean
B.parameters.Flow.PHTempComp,false,xsd:boolean
B.parameters.Flow.Setpoint,0,xsd:double
B.parameters.Flow.SetpReadback,0,xsd:double
B.parameters.Flow.UpperAlarm,5,xsd:double
B.parameters.Flow.LowerAlarm,0,xsd:double
B.parameters.Flow.UpperCritical,5,xsd:double
B.parameters.Flow.LowerCritical,0,xsd:double
B.parameters.Flow.Measured,true,xsd:boolean
B.parameters.Flow.Filtered,true,xsd:boolean
B.parameters.Flow.Controlled,false,xsd:boolean
B.parameters.Flow.OutputActive,false,xsd:boolean
B.parameters.Flow.OutputMode,0,xsd:int
B.parameters.Flow.PumpValuePlus,0,xsd:double
B.parameters.Flow.PumpValueMinus,0,xsd:double
B.parameters.Flow.PumpDurationPlus,0,xsd:int
B.parameters.Flow.PumpDurationMinus,0,xsd:int
B.parameters.Flow.PumpFactorPlus,1,xsd:double
B.parameters.Flow.PumpFactorMinus,1,xsd:double
B.parameters.Flow.DoseTime,0,xsd:double
B.parameters.Flow.WaitTime,0,xsd:double
B.parameters.Flow.HiReading,4095,xsd:int
B.parameters.Flow.LowReading,0,xsd:int
B.parameters.Flow.HiRef,100,xsd:double
B.parameters.Flow.LowRef,0,xsd:double
B.parameters.Flow.Slope,0.02442002482712268829345703125,xsd:double
B.parameters.Flow.Offset,0,xsd:double
B.parameters.Flow.CurReading,0,xsd:int
B.parameters.Flow.CurValue,0,xsd:double
B.parameters.Flow.RefTemp,25,xsd:double
B.parameters.Flow.Output,0,xsd:double
B.parameters.Flow.PTerm,1,xsd:double
B.parameters.Flow.ITerm,0,xsd:double
B.parameters.Flow.ILimit,100,xsd:double
B.parameters.Flow.DTerm,0,xsd:double
B.parameters.Flow.DeadBand,0,xsd:double
B.parameters.Flow.NegFactor,1,xsd:double
B.parameters.Flow.EvalTime,1,xsd:int
B.parameters.Flow.RampOutput,false,xsd:boolean
B.parameters.Flow.RampStep,5,xsd:double
B.parameters.Flow.MasterChannel,0,xsd:int
B.parameters.Flow.AddSetp,false,xsd:boolean
B.parameters.Flow.AddLimiter,false,xsd:boolean
B.parameters.Flow.AddFactor,6,xsd:double
B.parameters.Flow.ExtSetp,false,xsd:boolean
B.parameters.Flow.SetpLimiter,false,xsd:boolean
B.parameters.Flow.CascadeKind,0,xsd:int
B.parameters.Flow.SetpMax,5,xsd:double
B.parameters.Flow.SetpMin,2,xsd:double
B.parameters.Flow.MaxValue,5,xsd:double
B.parameters.Flow.MinValue,0,xsd:double
B.parameters.Flow.OutputMax,100,xsd:double
B.parameters.Flow.OutputMin,0,xsd:double
B.parameters.Flow.DefOutput,0,xsd:int
B.parameters.Flow.InputChannel,11,xsd:int
B.parameters.Flow.DigOutput,0,xsd:int
B.parameters.Flow.AnaOutRange,2,xsd:int
B.parameters.Flow.InvertOut,false,xsd:boolean
B.parameters.Flow.DisplayPumps,0,xsd:int
B.parameters.Flow.Exists,true,xsd:boolean
B.parameters.Flow.UID,Flow,xsd:string
B.parameters.Flow.AlarmsCheck,0,xsd:int
B.parameters.Flow.AlarmsRange,0,xsd:double
B.parameters.Flow.ParamType,7,xsd:int
B.parameters.Flow.ParamMode,0,xsd:int
B.parameters.Flow.Color,-1,xsd:int
B.parameters.Flow.AlarmAddDelay,3,xsd:int
B.parameters.Flow.AlarmEndDelay,3,xsd:int
B.parameters.Flow.Units,L/min,xsd:string
B.parameters.Flow.FID,1,xsd:int
B.parameters.Flow.DigitalSensor,false,xsd:boolean
B.parameters.Flow.ModbusID,0,xsd:int
B.parameters.Flow.RunPumpsIFIndex,0,xsd:int
B.parameters.Flow.MxValve,,xsd:string
B.parameters.Flow.MxRole,1,xsd:int
B.parameters.Flow.FilterWindow,8,xsd:unsignedInt
B.parameters.Flow.Decimals,-1,xsd:int
B.parameters.Flow.DecimalsCalc,2,xsd:unsignedInt
B.parameters.Flow.Calibratable,false,xsd:boolean
B.parameters.Flow.Favorite,false,xsd:boolean
B.parameters.Flow.Features,0,xsd:int
B.parameters.Flow.SensorError,false,xsd:boolean
B.parameters.GMFlow.Name,GM Flow,xsd:string
B.parameters.GMFlow.FeedParm,false,xsd:boolean
B.parameters.GMFlow.FeedPump,false,xsd:boolean
B.parameters.GMFlow.PHTempComp,false,xsd:boolean
B.parameters.GMFlow.Setpoint,2,xsd:double
B.parameters.GMFlow.SetpReadback,0,xsd:double
B.parameters.GMFlow.UpperAlarm,5,xsd:double
B.parameters.GMFlow.LowerAlarm,0,xsd:double
B.parameters.GMFlow.UpperCritical,5,xsd:double
B.parameters.GMFlow.LowerCritical,0,xsd:double
B.parameters.GMFlow.Measured,true,xsd:boolean
B.parameters.GMFlow.Filtered,true,xsd:boolean
B.parameters.GMFlow.Controlled,true,xsd:boolean
B.parameters.GMFlow.OutputActive,false,xsd:boolean
B.parameters.GMFlow.OutputMode,0,xsd:int
B.parameters.GMFlow.PumpValuePlus,0,xsd:double
B.parameters.GMFlow.PumpValueMinus,0,xsd:double
B.parameters.GMFlow.PumpDurationPlus,0,xsd:int
B.parameters.GMFlow.PumpDurationMinus,0,xsd:int
B.parameters.GMFlow.PumpFactorPlus,1,xsd:double
B.parameters.GMFlow.PumpFactorMinus,1,xsd:double
B.parameters.GMFlow.DoseTime,0,xsd:double
B.parameters.GMFlow.WaitTime,0,xsd:double
B.parameters.GMFlow.HiReading,4095,xsd:int
B.parameters.GMFlow.LowReading,0,xsd:int
B.parameters.GMFlow.HiRef,100,xsd:double
B.parameters.GMFlow.LowRef,0,xsd:double
B.parameters.GMFlow.Slope,0.02442002482712268829345703125,xsd:double
B.parameters.GMFlow.Offset,0,xsd:double
B.parameters.GMFlow.CurReading,0,xsd:int
B.parameters.GMFlow.CurValue,0,xsd:double
B.parameters.GMFlow.RefTemp,25,xsd:double
B.parameters.GMFlow.Output,0,xsd:double
B.parameters.GMFlow.PTerm,13,xsd:double
B.parameters.GMFlow.ITerm,11,xsd:double
B.parameters.GMFlow.ILimit,100,xsd:double
B.parameters.GMFlow.DTerm,12,xsd:double
B.parameters.GMFlow.DeadBand,90,xsd:double
B.parameters.GMFlow.NegFactor,1,xsd:double
B.parameters.GMFlow.EvalTime,1,xsd:int
B.parameters.GMFlow.RampOutput,false,xsd:boolean
B.parameters.GMFlow.RampStep,5,xsd:double
B.parameters.GMFlow.MasterChannel,6,xsd:int
B.parameters.GMFlow.AddSetp,false,xsd:boolean
B.parameters.GMFlow.AddLimiter,false,xsd:boolean
B.parameters.GMFlow.AddFactor,4,xsd:double
B.parameters.GMFlow.ExtSetp,false,xsd:boolean
B.parameters.GMFlow.SetpLimiter,false,xsd:boolean
B.parameters.GMFlow.CascadeKind,0,xsd:int
B.parameters.GMFlow.SetpMax,2.5,xsd:double
B.parameters.GMFlow.SetpMin,0,xsd:double
B.parameters.GMFlow.MaxValue,5,xsd:double
B.parameters.GMFlow.MinValue,0,xsd:double
B.parameters.GMFlow.OutputMax,100,xsd:double
B.parameters.GMFlow.OutputMin,0,xsd:double
B.parameters.GMFlow.DefOutput,0,xsd:int
B.parameters.GMFlow.InputChannel,10,xsd:int
B.parameters.GMFlow.DigOutput,0,xsd:int
B.parameters.GMFlow.AnaOutRange,2,xsd:int
B.parameters.GMFlow.InvertOut,false,xsd:boolean
B.parameters.GMFlow.DisplayPumps,0,xsd:int
B.parameters.GMFlow.Exists,true,xsd:boolean
B.parameters.GMFlow.UID,GMFlow,xsd:string
B.parameters.GMFlow.AlarmsCheck,0,xsd:int
B.parameters.GMFlow.AlarmsRange,0,xsd:double
B.parameters.GMFlow.ParamType,11,xsd:int
B.parameters.GMFlow.ParamMode,0,xsd:int
B.parameters.GMFlow.Color,-1,xsd:int
B.parameters.GMFlow.AlarmAddDelay,3,xsd:int
B.parameters.GMFlow.AlarmEndDelay,3,xsd:int
B.parameters.GMFlow.Units,L/min,xsd:string
B.parameters.GMFlow.FID,1,xsd:int
B.parameters.GMFlow.DigitalSensor,false,xsd:boolean
B.parameters.GMFlow.ModbusID,0,xsd:int
B.parameters.GMFlow.RunPumpsIFIndex,0,xsd:int
B.parameters.GMFlow.MxValve,,xsd:string
B.parameters.GMFlow.MxRole,1,xsd:int
B.parameters.GMFlow.FilterWindow,8,xsd:unsignedInt
B.parameters.GMFlow.Decimals,-1,xsd:int
B.parameters.GMFlow.DecimalsCalc,2,xsd:unsignedInt
B.parameters.GMFlow.Calibratable,false,xsd:boolean
B.parameters.GMFlow.Favorite,false,xsd:boolean
B.parameters.GMFlow.Features,0,xsd:int
B.parameters.GMFlow.SensorError,false,xsd:boolean
B.parameters.GasMix.Name,GasMix,xsd:string
B.parameters.GasMix.FeedParm,false,xsd:boolean
B.parameters.GasMix.FeedPump,false,xsd:boolean
B.parameters.GasMix.PHTempComp,false,xsd:boolean
B.parameters.GasMix.Setpoint,2,xsd:double
B.parameters.GasMix.SetpReadback,0,xsd:double
B.parameters.GasMix.UpperAlarm,100,xsd:double
B.parameters.GasMix.LowerAlarm,-100,xsd:double
B.parameters.GasMix.UpperCritical,100,xsd:double
B.parameters.GasMix.LowerCritical,-100,xsd:double
B.parameters.GasMix.Measured,true,xsd:boolean
B.parameters.GasMix.Filtered,false,xsd:boolean
B.parameters.GasMix.Controlled,false,xsd:boolean
B.parameters.GasMix.OutputActive,false,xsd:boolean
B.parameters.GasMix.OutputMode,0,xsd:int
B.parameters.GasMix.PumpValuePlus,0,xsd:double
B.parameters.GasMix.PumpValueMinus,0,xsd:double
B.parameters.GasMix.PumpDurationPlus,0,xsd:int
B.parameters.GasMix.PumpDurationMinus,0,xsd:int
B.parameters.GasMix.PumpFactorPlus,1,xsd:double
B.parameters.GasMix.PumpFactorMinus,1,xsd:double
B.parameters.GasMix.DoseTime,0,xsd:double
B.parameters.GasMix.WaitTime,0,xsd:double
B.parameters.GasMix.HiReading,4095,xsd:int
B.parameters.GasMix.LowReading,0,xsd:int
B.parameters.GasMix.HiRef,100,xsd:double
B.parameters.GasMix.LowRef,0,xsd:double
B.parameters.GasMix.Slope,0.02442005090415477752685546875,xsd:double
B.parameters.GasMix.Offset,0,xsd:double
B.parameters.GasMix.CurReading,0,xsd:int
B.parameters.GasMix.CurValue,0,xsd:double
B.parameters.GasMix.RefTemp,0,xsd:double
B.parameters.GasMix.Output,0,xsd:double
B.parameters.GasMix.PTerm,0.4000000059604644775390625,xsd:double
B.parameters.GasMix.ITerm,0,xsd:double
B.parameters.GasMix.ILimit,100,xsd:double
B.parameters.GasMix.DTerm,0,xsd:double
B.parameters.GasMix.DeadBand,0,xsd:double
B.parameters.GasMix.NegFactor,1,xsd:double
B.parameters.GasMix.EvalTime,10,xsd:int
B.parameters.GasMix.RampOutput,false,xsd:boolean
B.parameters.GasMix.RampStep,5,xsd:double
B.parameters.GasMix.MasterChannel,11,xsd:int
B.parameters.GasMix.AddSetp,false,xsd:boolean
B.parameters.GasMix.AddLimiter,false,xsd:boolean
B.parameters.GasMix.AddFactor,100,xsd:double
B.parameters.GasMix.ExtSetp,false,xsd:boolean
B.parameters.GasMix.SetpLimiter,false,xsd:boolean
B.parameters.GasMix.CascadeKind,0,xsd:int
B.parameters.GasMix.SetpMax,70,xsd:double
B.parameters.GasMix.SetpMin,-100,xsd:double
B.parameters.GasMix.MaxValue,100,xsd:double
B.parameters.GasMix.MinValue,-100,xsd:double
B.parameters.GasMix.OutputMax,100,xsd:double
B.parameters.GasMix.OutputMin,0,xsd:double
B.parameters.GasMix.DefOutput,0,xsd:int
B.parameters.GasMix.InputChannel,9,xsd:int
B.parameters.GasMix.DigOutput,0,xsd:int
B.parameters.GasMix.AnaOutRange,2,xsd:int
B.parameters.GasMix.InvertOut,false,xsd:boolean
B.parameters.GasMix.DisplayPumps,0,xsd:int
B.parameters.GasMix.Exists,true,xsd:boolean
B.parameters.GasMix.UID,GasMix,xsd:string
B.parameters.GasMix.AlarmsCheck,0,xsd:int
B.parameters.GasMix.AlarmsRange,0,xsd:double
B.parameters.GasMix.ParamType,12,xsd:int
B.parameters.GasMix.ParamMode,0,xsd:int
B.parameters.GasMix.Color,-1,xsd:int
B.parameters.GasMix.AlarmAddDelay,3,xsd:int
B.parameters.GasMix.AlarmEndDelay,3,xsd:int
B.parameters.GasMix.Units,%O₂,xsd:string
B.parameters.GasMix.FID,1,xsd:int
B.parameters.GasMix.DigitalSensor,false,xsd:boolean
B.parameters.GasMix.ModbusID,0,xsd:int
B.parameters.GasMix.RunPumpsIFIndex,0,xsd:int
B.parameters.GasMix.MxValve,,xsd:string
B.parameters.GasMix.MxRole,1,xsd:int
B.parameters.GasMix.FilterWindow,8,xsd:unsignedInt
B.parameters.GasMix.Decimals,-1,xsd:int
B.parameters.GasMix.DecimalsCalc,1,xsd:unsignedInt
B.parameters.GasMix.Calibratable,false,xsd:boolean
B.parameters.GasMix.Favorite,false,xsd:boolean
B.parameters.GasMix.Features,0,xsd:int
B.parameters.GasMix.SensorError,false,xsd:boolean
B.parameters.AF.Name,Antifoam,xsd:string
B.parameters.AF.FeedParm,false,xsd:boolean
B.parameters.AF.FeedPump,false,xsd:boolean
B.parameters.AF.PHTempComp,false,xsd:boolean
B.parameters.AF.Setpoint,0,xsd:double
B.parameters.AF.SetpReadback,0,xsd:double
B.parameters.AF.UpperAlarm,100,xsd:double
B.parameters.AF.LowerAlarm,0,xsd:double
B.parameters.AF.UpperCritical,100,xsd:double
B.parameters.AF.LowerCritical,0,xsd:double
B.parameters.AF.Measured,true,xsd:boolean
B.parameters.AF.Filtered,true,xsd:boolean
B.parameters.AF.Controlled,true,xsd:boolean
B.parameters.AF.OutputActive,false,xsd:boolean
B.parameters.AF.OutputMode,0,xsd:int
B.parameters.AF.PumpValuePlus,0,xsd:double
B.parameters.AF.PumpValueMinus,0,xsd:double
B.parameters.AF.PumpDurationPlus,0,xsd:int
B.parameters.AF.PumpDurationMinus,0,xsd:int
B.parameters.AF.PumpFactorPlus,1,xsd:double
B.parameters.AF.PumpFactorMinus,1,xsd:double
B.parameters.AF.DoseTime,1,xsd:double
B.parameters.AF.WaitTime,7200,xsd:double
B.parameters.AF.HiReading,4095,xsd:int
B.parameters.AF.LowReading,0,xsd:int
B.parameters.AF.HiRef,100,xsd:double
B.parameters.AF.LowRef,0,xsd:double
B.parameters.AF.Slope,0.024420000612735748291015625,xsd:double
B.parameters.AF.Offset,0,xsd:double
B.parameters.AF.CurReading,0,xsd:int
B.parameters.AF.CurValue,0,xsd:double
B.parameters.AF.RefTemp,25,xsd:double
B.parameters.AF.Output,0,xsd:double
B.parameters.AF.PTerm,1,xsd:double
B.parameters.AF.ITerm,0,xsd:double
B.parameters.AF.ILimit,100,xsd:double
B.parameters.AF.DTerm,0,xsd:double
B.parameters.AF.DeadBand,0,xsd:double
B.parameters.AF.NegFactor,1,xsd:double
B.parameters.AF.EvalTime,1,xsd:int
B.parameters.AF.RampOutput,false,xsd:boolean
B.parameters.AF.RampStep,5,xsd:double
B.parameters.AF.MasterChannel,0,xsd:int
B.parameters.AF.AddSetp,false,xsd:boolean
B.parameters.AF.AddLimiter,false,xsd:boolean
B.parameters.AF.AddFactor,100,xsd:double
B.parameters.AF.ExtSetp,false,xsd:boolean
B.parameters.AF.SetpLimiter,false,xsd:boolean
B.parameters.AF.CascadeKind,0,xsd:int
B.parameters.AF.SetpMax,100,xsd:double
B.parameters.AF.SetpMin,0,xsd:double
B.parameters.AF.MaxValue,100,xsd:double
B.parameters.AF.MinValue,0,xsd:double
B.parameters.AF.OutputMax,100,xsd:double
B.parameters.AF.OutputMin,0,xsd:double
B.parameters.AF.DefOutput,0,xsd:int
B.parameters.AF.InputChannel,4,xsd:int
B.parameters.AF.DigOutput,0,xsd:int
B.parameters.AF.AnaOutRange,2,xsd:int
B.parameters.AF.InvertOut,false,xsd:boolean
B.parameters.AF.DisplayPumps,0,xsd:int
B.parameters.AF.Exists,true,xsd:boolean
B.parameters.AF.UID,AF,xsd:string
B.parameters.AF.AlarmsCheck,0,xsd:int
B.parameters.AF.AlarmsRange,0,xsd:double
B.parameters.AF.ParamType,1,xsd:int
B.parameters.AF.ParamMode,0,xsd:int
B.parameters.AF.Color,-1,xsd:int
B.parameters.AF.AlarmAddDelay,3,xsd:int
B.parameters.AF.AlarmEndDelay,3,xsd:int
B.parameters.AF.Units,,xsd:string
B.parameters.AF.FID,1,xsd:int
B.parameters.AF.DigitalSensor,false,xsd:boolean
B.parameters.AF.ModbusID,0,xsd:int
B.parameters.AF.RunPumpsIFIndex,3,xsd:int
B.parameters.AF.MxValve,,xsd:string
B.parameters.AF.MxRole,1,xsd:int
B.parameters.AF.FilterWindow,8,xsd:unsignedInt
B.parameters.AF.Decimals,-1,xsd:int
B.parameters.AF.DecimalsCalc,1,xsd:unsignedInt
B.parameters.AF.Calibratable,true,xsd:boolean
B.parameters.AF.Favorite,false,xsd:boolean
B.parameters.AF.Features,0,xsd:int
B.parameters.AF.SensorError,false,xsd:boolean
B.processes.Fermentation.Running,false,xsd:boolean
B.processes.Fermentation.Enabled,true,xsd:boolean
B.processes.Fermentation.DialogActive,false,xsd:boolean
B.processes.Inoculation.Running,false,xsd:boolean
B.processes.Inoculation.Enabled,true,xsd:boolean
B.processes.Inoculation.DialogActive,false,xsd:boolean
